mtllib 待机.mtl
o leftArmuuu_1
usemtl Material_96
v 4.000366952748038 24.164977638666414 -2.005290864094995
v 4.00036599845015 12.157129374632408 -2.005290864095075
v -4.004866686541994 12.15712961320688 1.9973248421758765
v -4.004866336622307 24.164977638666414 -2.0052896553389665
v -4.004866209393049 24.164977638666418 1.9973248421759138
v 4.000366602828269 24.164977638666418 1.997324587717733
v -4.004866686541994 12.15712961320688 1.9973248421758765
v -4.004866336622307 24.164977638666414 -2.0052896553389665
v -4.004866209393049 24.164977638666418 1.9973248421759138
v 3.9002979719201303 12.157130090355825 1.997324578969458
v 3.900299276137705 12.157130328930297 -2.005289918545298
v -0.10231522137721871 12.157129851781352 -2.0052893141670953
v 3.9002979719201303 0.14928397349206435 1.9973245789694598
v 3.9002973675420947 0.14928492778995128 -2.0052918271412405
v -0.10231712997283005 0.14928492778995128 -2.005291222763038
v -0.1023155712969892 0.14928301919417564 1.9973261376456346
v -0.10231604844585007 12.157130090355825 1.9973251833477015
v -3.904801522905805 0.14928397349206257 -2.005288692293128
v 0.09781536035400684 12.157129851781352 -2.005291205266902
v 0.09781405613634853 12.15712961320688 1.9973242465457428
v 0.09781536035392335 0.14928397349206257 -2.0052902509690114
v -3.9715117168160745 12.15712961320688 -2.0052896524230093
v -3.9048013956765475 0.14928397349206435 1.9973258052217524
v -3.9048009185278536 12.157130567504769 1.9973286681154594
v 0.09781501043423724 0.14928397349206435 1.997324246545828
v -4.004866384352851 24.16497668436853 3.99863161378439
v 4.0003645192726065 32.170206633696125 3.9986323136239292
v 4.000364264814342 24.164976684368526 -4.006599544299499
v -4.004866161662338 32.170206633696125 -4.006598335543222
v 4.0003645192726065 24.16497668436853 3.9986323136239292
v -4.004866638811283 24.164976684368526 -4.006598335543263
v 4.000364264814342 32.170206633696125 -4.006599544299501
v -4.004865907203906 32.170206633696125 3.9986316137844327
v -5.889739755183653 13.321947763337967 17.729004579523213
v -5.889739455440563 12.62226323142017 17.029317184711775
v -5.889739394272279 11.922577745204485 16.32963360709187
v -5.889739094529524 11.222892974712217 15.629950029471988
v -5.889736692698641 15.39570721640212 7.259024540509451
v -5.889737347253774 14.696023638782211 6.5593409628894825
v -5.8897372860853245 13.996337675417582 5.859655476673801
v -5.889737224916874 13.296653143499785 5.159969990458119
v -5.889735493727285 12.596969088730933 4.460286412838357
v -5.889736625431029 11.897282886791832 3.760599018026795
v -5.889736564262912 11.197598116299563 3.0609173490026684
v -5.889735787371045 10.497913584381767 2.361231862787047
v -5.889739214186617 15.38188516578203 14.269693818903093
v -5.8897389144438606 14.682200633864234 13.57001024128321
v -5.889738376126633 13.982515624797491 12.870326663663345
v -5.889738553532823 13.28283157002864 12.17064308604342
v -5.889738253789733 12.583147038110843 11.470955691231982
v -5.889738192621282 11.883462029044102 10.7712702050163
v -5.8897374157295825 11.183776781402889 10.071586627396453
v -5.889735548934562 9.096965575045683 2.362810271494997
v -5.88973584891909 8.394516583797884 3.065259404396368
v -5.8897349560310905 7.692068740689731 3.7677066287020615
v -5.889738852930188 15.385835959041293 12.866375870404038
v -5.889738553187433 14.686151427123496 12.166692292784155
v -5.889738730351683 15.388601514322778 11.464241251286968
v -5.889738492018815 13.9864668952057 11.467004897972696
v -5.889738192034287 14.688917459553926 10.764555765071329
v -5.88973765347512 15.391365161008485 10.062104723574198
v -5.88973795370142 13.286781408990015 10.767319411757054
v -5.889737176567781 13.989232450487185 10.064868370259948
v -5.889738069455781 14.691680151941744 9.362421145954254
v -5.889738008045892 15.394128807694191 8.659973921648643
v -5.889737176809721 12.587097831370107 10.06763583413721
v -5.889737831122915 13.2895469642715 9.36518479263998
v -5.889737769713025 13.99199609717289 8.662737568334368
v -5.889737708302969 14.694445707223228 7.960288435432979
v -5.889737831364521 11.887412822303366 9.367948439325687
v -5.889737531380159 12.58986338665159 8.665501215020097
v -5.889737469970102 13.292310610957205 7.963052082118708
v -5.889736454262158 13.994759266709654 7.2606029492174
v -5.889737770196237 11.187727097513209 8.668264861705783
v -5.88973770878618 11.890177900435907 7.965815728804394
v -5.889736215929291 12.592625601890465 7.263366595903129
v -5.889737108817291 13.295074734791857 6.560919371597432
v -5.889736454745369 11.190492652794692 7.266130242588815
v -5.889737109058897 11.892941069972668 6.56368301828314
v -5.889737047648841 12.59539020287406 5.8612338853817505
v -5.889737286465086 11.1932562994804 5.863999440663214
v -5.889736986480557 11.895705670956264 5.161550307761846
v -5.889736748147524 10.493570813264714 5.164312045851798
v -5.889735732439913 11.19602018474058 4.461866730142045
v -5.889736748389129 9.091437864168942 5.167075692537505
v -5.889735971255824 9.793886042772446 4.464628468231954
v -5.889736386994713 10.49633541424831 3.762179335330522
v -5.889735494348486 8.391753254900829 4.4673921149177005
v -5.889736148662013 9.09420151085465 3.7649448906120284
v -5.88973608725179 9.79665040518157 3.062493849114862
v -5.889739696081031 13.998002925233386 17.052949417627797
v -5.889739632852091 14.721257183555515 16.329694682156727
v -5.889739336955004 15.376951445697394 15.67400042001487
v -5.889739396337942 13.29831839331559 16.35326202281636
v -5.889739333109002 14.021571220190886 15.63000728734529
v -5.889739037211914 14.677265959481709 14.974313025203433
v -5.8897388580207135 12.598632907099905 15.653578445196498
v -5.889739033366246 13.32188668827309 14.930323709725403
v -5.889739214618103 13.977580950414968 14.274629447583507
v -5.889739035426903 11.898948375182108 14.953894867576569
v -5.8897389721979625 12.622202156355293 14.2306401321055
v -5.889738676300875 13.277896418497171 13.574945869963646
v -5.889738974258285 11.19926360468984 14.25420747276511
v -5.88973891102968 11.922517624437495 13.530956554485595
v -5.889738376558119 12.578211886579373 12.87526229234376
v -5.889737656988701 11.222832853945226 12.831269159674239
v -5.889738553963975 11.878527354661577 12.175574897532279
v -5.889738492795692 11.178842584169308 11.475891319912375
v -5.8897344615379 13.278644588041915 -4.617609672422404
v -5.889734046427554 12.569008160591695 -3.9079708592274223
v -5.889735061287793 11.876255171388552 -3.215218347173309
v -5.889734884751919 11.166615642470193 -2.505579533978347
v -5.889734522706518 13.978329597108656 -3.917922277610943
v -5.889735061893726 13.268693169658436 -3.2082872816076016
v -5.889734883881771 12.57593970330635 -2.515532860957606
v -5.889735184494675 11.866300651536935 -1.805895956358464
v -5.889735299598218 14.678015083324341 -3.218238699991103
v -5.889734884487537 13.968378178725178 -2.5086037039876743
v -5.889735183624694 13.275624235224146 -1.8158473747419457
v -5.889735007088737 12.56598494488026 -1.1062095158448724
v -5.88973554634911 11.855514461075305 -0.39573760059312946
v -5.889737467142796 17.45299119356662 5.201737700451204
v -5.889736212159255 18.16346215452052 4.49126864809319
v -5.889736865843906 18.873100967715462 3.7816279263024093
v -5.88973752126547 15.434535688897999 5.820828912773678
v -5.889737225045518 16.09392308386919 5.161441517802512
v -5.889735974527845 16.753308570244602 4.502056031427202
v -5.889736866714221 17.463778576900612 3.791583161877444
v -5.889736566101318 18.173417390095555 3.081946257278304
v -5.889736982948076 14.734850202682313 5.121143426558039
v -5.889735971004875 15.394237597653504 4.461757940182711
v -5.8897363905085065 16.053624992624695 3.8023724538072585
v -5.889736805545771 16.764094044982816 3.0918976756617624
v -5.889736504932701 17.47373094958198 2.382258862466845
v -5.889736206056376 14.035165193615573 4.421459848938195
v -5.889736625559674 14.694552588586763 3.762070545371188
v -5.889736806488834 15.35393855211112 3.102685058995757
v -5.889736505802848 16.06440951306502 2.392212189446102
v -5.889736622036869 13.335480661697776 3.7217743627224706
v -5.889736564391557 13.994868056668967 3.062388876347061
v -5.889736506745911 14.65425354304438 2.402999572780093
v -5.88973525176212 15.364724026849334 1.692527657528414
v -5.889736560868419 12.635795175482091 3.022088876506789
v -5.889736264648384 13.295181616155393 2.362700527237731
v -5.889735252705183 13.95456757967975 1.703315040862405
v -5.889736144891725 14.665039017782593 0.9928440799084246
v -5.889736261125663 11.936110643564295 2.3224052988869044
v -5.889735010607657 12.59549756138654 1.663015995320043
v -5.889735668685761 13.254883524910898 1.0036305089445676
v -5.889735845148802 13.965354485864797 0.2931585936927643
v -5.889735544535816 14.674993776208684 -0.41647926520426815
v -5.889735722808101 11.236424918774137 1.6227179040754862
v -5.889735903737178 11.895813029468744 0.9633314634021666
v -5.88973560751731 12.555198992993102 0.303945022728886
v -5.889735545406047 13.265670431095945 -0.4065249839271221
v -5.889735244792977 13.975309244290887 -1.1161637971220397
v -5.889735661379488 14.668062710642975 -1.8089172634741661
v -5.889735122192029 15.377698660944251 -2.5185551223711755
v -4.9186963242703445 13.321947763337967 17.72900466441453
v -4.9186957859527825 12.62226323142017 17.029317269603112
v -4.918695963358971 11.922577745204485 16.329633691983187
v -4.918695663616216 11.222892974712217 15.629950114363304
v -4.918693738934277 15.39570721640212 7.259024625400723
v -4.918694154914938 14.696023638782211 6.55934104778078
v -4.918692117883181 10.497913584381767 2.361230993380497
v -4.918696021847781 15.38188516578203 14.269693903794387
v -4.918695483530552 14.682200633864234 13.570010326174526
v -4.918694523133501 11.883462029044102 10.771270289907637
v -4.918694461965218 11.183776781402889 10.07158671228773
v -4.918691879446698 9.096965753976537 2.3628094020884447
v -4.918691702282365 8.394516856853823 3.0652594892877474
v -4.918691525117782 7.692068681046113 3.767706713593377
v -4.918694944867935 15.385835959041293 12.866375955295396
v -4.918695599423069 14.686151427123496 12.166692377675428
v -4.918695060863902 15.388601514322778 11.464241336178304
v -4.918694522546506 14.688917459553926 10.764555849962665
v -4.9186946997107555 15.391365161008485 10.062104808465474
v -4.918694638542473 14.691680151941744 9.36242123084557
v -4.918694577132584 15.394128807694191 8.659974006539958
v -4.918694277389661 14.694445707223228 7.960288520324298
v -4.918694400451212 11.887412822303366 9.367948524217006
v -4.918693862133984 11.187727097513209 8.66826494659714
v -4.9186940392983995 11.890177900435907 7.965815813695734
v -4.918693500981005 11.190492652794692 7.266130327480088
v -4.918693916720061 11.892941069972668 6.563683103174437
v -4.918693616977305 11.1932562994804 5.863999525554551
v -4.918693078418137 11.895705670956264 5.161548484057427
v -4.918693078659743 10.493570813264714 5.164312130743134
v -4.918692301526438 11.196019707591635 4.461864906437583
v -4.918692601752404 9.091437804525324 5.1670757774288845
v -4.918692063193571 9.793886042772446 4.464628553123312
v -4.918692063435177 8.391753224147088 4.467392199809019
v -4.918693133487259 9.796650285894334 3.062492025410357
v -4.918695788018778 13.998002925233386 17.052949502519155
v -4.918695963364311 14.721257183555515 16.329694767048064
v -4.9186959060416955 15.376951445697394 15.674000504906186
v -4.918695844873078 14.677265959481709 14.974313110094727
v -4.918695604513594 11.898948375182108 14.953894952467884
v -4.918695304770504 11.19926360468984 14.254207557656446
v -4.918695241541899 11.922517624437495 13.530956639376932
v -4.918694703224337 11.222832853945226 12.831269244565515
v -4.918695361625138 11.878527354661577 12.175574982423573
v -4.918694823307911 11.178842584169308 11.475891404803711
v -4.918690314901175 13.27864506519086 -4.617609587531026
v -4.918690854088467 12.56900768344275 -3.9079736372297926
v -4.9186909146509015 11.87625493281408 -3.215220170877707
v -4.9186912152638875 11.16661540389572 -2.5055823119806764
v -4.918691330367515 13.978329119959712 -3.9179241013154265
v -4.918691276432422 11.86630112868588 -1.805895871467106
v -4.918691391535715 14.678014129026453 -3.218241477993411
v -4.9186913376008725 12.565985422029204 -1.1062103852514245
v -4.918690922563357 11.855514699649778 -0.3957384699995963
v -4.918693559080709 17.45299214786451 5.20173969393834
v -4.918693496969196 18.16346310881841 4.4912668243886635
v -4.918693196356125 18.873100967715462 3.781628011193746
v -4.9186938517776895 15.434535688897999 5.820828997665018
v -4.918693316983266 16.093922606720245 5.16144160269387
v -4.918693497912425 16.753308570244602 4.502056116318432
v -4.918693135188009 18.173418344393443 3.081946342169619
v -4.918693313460295 14.734850679831258 5.121143511449375
v -4.918692301516927 15.394237597653504 4.46175611647827
v -4.918693136058157 16.764094044982816 3.0918996691488765
v -4.918693074019393 17.47373094958198 2.382258947358162
v -4.918693313463928 16.064409035916075 2.392211320039509
v -4.918693075832603 14.65425354304438 2.40299965767141
v -4.918691582274256 15.36472354970039 1.692526788121862
v -4.918691106068541 13.95456757967975 1.703316080051673
v -4.918692952552889 14.665039017782593 0.9928441647997204
v -4.918692353063327 11.93611016641535 2.3224044294803736
v -4.918690625396376 12.59549756138654 1.663015125913553
v -4.91869193708655 13.965354963013741 0.29315867858412226
v -4.91869163647323 14.67499329905974 -0.41648299750446505
v -4.918692053320237 11.236425395923082 1.622717034668936
v -4.9186919956750925 11.895813506617689 0.9633334568893019
v -4.918692415178474 12.555198515844157 0.3039451076201818
v -4.918691336730557 13.975308767141943 -1.1161656208264592
v -4.9186915147425125 14.66806223349403 -1.8089200414764548
v -4.918691452703998 15.377698660944251 -2.518557900373505
v -4.50519400369693 23.664649752891933 -4.506924356461978
v -4.505193765122458 32.67053356517272 -4.506924356461958
v 4.500691407009226 23.664649752891936 4.498959288840492
v 4.500691407009226 32.67053356517272 4.498959288840489
v 4.50069124003082 32.67053356517272 -4.506925477738232
v -4.505192882420802 23.664649752891936 4.4989623187126035
v -3.3794584078746013 32.67053356517272 -4.506924258047045
v -2.253722812052187 32.67053356517272 -4.506925113929997
v -1.1279872162298572 32.67053356517272 -4.506925015515062
v -0.0022520975564717105 32.67053356517272 -4.506924917100168
v 1.1234844525637477 32.67053356517272 -4.50692481868515
v 2.24922004838616 32.67053356517272 -4.5069256745681034
v 3.374955644208491 32.67053356517272 -4.506925576153169
v 3.374955644208491 23.664649752891933 -4.506925576153167
v 2.24922004838616 23.664649752891933 -4.506925674568102
v 1.1234844525637477 23.664649752891933 -4.506924818685148
v -0.0022520975564717105 23.664649752891933 -4.506924917100166
v -1.1279876933788016 23.664649752891933 -4.506925015515103
v -2.2537232892011314 23.664649752891933 -4.506925113930038
v -3.3794588850235456 23.664649752891933 -4.506924258047084
v 3.374955811186897 32.67053356517272 4.498959190425552
v 2.2492202153645664 32.67053356517272 4.498959092010619
v 1.1234846195422374 32.67053356517272 4.498958993595682
v -0.0022509762800932975 32.67053356517272 4.4989588951807455
v -1.127985140655924 32.67053356517272 4.498962613957492
v -3.379456809449529 23.664649752891936 4.498962417127583
v -2.2537212136271982 23.664649752891936 4.498962515542516
v -1.1279856178048684 23.664649752891936 4.498962613957453
v -0.0022509762800932975 23.664649752891936 4.498958895180749
v 1.1234846195422374 23.664649752891936 4.498958993595686
v 2.2492202153645664 23.664649752891936 4.498959092010622
v 3.374955811186897 23.664649752891936 4.4989591904255555
v -4.505193765122458 31.544797969350387 -4.506924356461958
v -4.505193765122458 30.419062373528053 -4.506924356461958
v -4.505193765122458 29.29332677770572 -4.506924356461958
v -4.505193765122458 28.167591181883385 -4.5069243564619565
v -4.50519400369693 27.04185558606105 -4.506924356461978
v -4.50519400369693 25.916119990238716 -4.506924356461978
v -4.50519400369693 24.79038439441638 -4.506924356461978
v 4.500691407009226 31.544797969350387 4.498959288840492
v 4.500691407009226 30.419062373528053 4.498959288840492
v 4.500691407009226 29.29332677770572 4.498959288840492
v 4.500691407009226 28.167591181883385 4.498959288840492
v 4.500691407009226 27.04185558606105 4.498959288840492
v 4.500691407009226 25.916119990238716 4.498959288840492
v 4.500691407009226 24.79038439441638 4.498959288840492
v 4.50069124003082 24.79038439441638 -4.50692547773823
v 4.50069124003082 25.916119990238716 -4.50692547773823
v 4.50069124003082 27.04185558606105 -4.50692547773823
v 4.50069124003082 28.167591181883385 -4.50692547773823
v 4.50069124003082 29.29332677770572 -4.506925477738232
v 4.50069124003082 30.419062373528053 -4.506925477738232
v 4.50069124003082 31.544797969350387 -4.506925477738232
v 3.374955644208491 31.544797969350387 -4.506925576153169
v 3.374955644208491 30.419062373528053 -4.506925576153169
v 3.374955644208491 29.29332677770572 -4.506925576153169
v 3.374955644208491 28.167591181883385 -4.506925576153167
v 3.374955644208491 27.04185558606105 -4.506925576153167
v 3.374955644208491 25.916119990238716 -4.506925576153167
v 3.374955644208491 24.79038439441638 -4.506925576153167
v 2.24922004838616 31.544797969350387 -4.5069256745681034
v 2.24922004838616 30.419062373528053 -4.5069256745681034
v 2.24922004838616 29.29332677770572 -4.5069256745681034
v 2.24922004838616 28.167591181883385 -4.506925674568102
v 2.24922004838616 27.04185558606105 -4.506925674568102
v 2.24922004838616 25.916119990238716 -4.506925674568102
v 2.24922004838616 24.79038439441638 -4.506925674568102
v 1.1234844525637477 31.544797969350387 -4.50692481868515
v 1.1234844525637477 30.419062373528053 -4.50692481868515
v 1.1234844525637477 29.29332677770572 -4.50692481868515
v 1.1234844525637477 28.167591181883385 -4.506924818685148
v 1.1234844525637477 27.04185558606105 -4.506924818685148
v 1.1234844525637477 25.916119990238716 -4.506924818685148
v 1.1234844525637477 24.79038439441638 -4.506924818685148
v -0.0022520975564717105 31.544797969350387 -4.506924917100168
v -0.0022520975564717105 30.419062373528053 -4.506924917100168
v -0.0022520975564717105 29.29332677770572 -4.506924917100168
v -0.0022520975564717105 28.167591181883385 -4.506924917100166
v -0.0022520975564717105 27.04185558606105 -4.506924917100166
v -0.0022520975564717105 25.916119990238716 -4.506924917100166
v -0.0022520975564717105 24.79038439441638 -4.506924917100166
v -3.3794588850235456 24.79038439441638 -4.506924258047084
v -3.3794588850235456 25.916119990238716 -4.506924258047084
v -3.3794588850235456 27.04185558606105 -4.506924258047084
v -3.3794588850235456 28.167591181883385 -4.506924258047084
v -3.3794588850235456 29.29332677770572 -4.506924258047086
v -3.3794588850235456 30.419062373528053 -4.506924258047086
v -3.3794584078746013 31.544797969350387 -4.506924258047045
v -2.2537232892011314 24.79038439441638 -4.506925113930038
v -2.2537232892011314 25.916119990238716 -4.506925113930038
v -2.2537232892011314 27.04185558606105 -4.506925113930038
v -2.2537232892011314 28.167591181883385 -4.506925113930038
v -2.2537232892011314 29.29332677770572 -4.5069251139300395
v -2.2537232892011314 30.419062373528053 -4.5069251139300395
v -2.253722812052187 31.544797969350387 -4.506925113929997
v -1.1279876933788016 24.79038439441638 -4.506925015515103
v -1.1279876933788016 25.916119990238716 -4.506925015515103
v -1.1279876933788016 27.04185558606105 -4.506925015515103
v -1.1279876933788016 28.167591181883385 -4.506925015515103
v -1.1279876933788016 29.29332677770572 -4.506925015515105
v -1.1279876933788016 30.419062373528053 -4.506925015515105
v -1.1279872162298572 31.544797969350387 -4.506925015515062
v -2.2537212136271982 27.04185558606105 4.498962515542516
v -2.2537212136271982 25.916119990238716 4.498962515542516
v -1.127985140655924 31.544797969350387 4.498962613957495
v -1.1279856178048684 30.419062373528053 4.498962613957453
v -1.1279856178048684 29.29332677770572 4.498962613957453
v -1.1279856178048684 28.167591181883385 4.498962613957453
v -1.1279856178048684 27.04185558606105 4.498962613957453
v -1.1279856178048684 25.916119990238716 4.498962613957453
v -0.0022509762800932975 31.544797969350387 4.498958895180749
v -0.0022509762800932975 30.419062373528053 4.498958895180749
v -0.0022509762800932975 29.29332677770572 4.498958895180749
v -0.0022509762800932975 28.167591181883385 4.498958895180749
v -0.0022509762800932975 27.04185558606105 4.498958895180749
v -0.0022509762800932975 25.916119990238716 4.498958895180749
v -0.0022509762800932975 24.79038439441638 4.498958895180749
v 3.374955811186897 24.79038439441638 4.4989591904255555
v 3.374955811186897 25.916119990238716 4.4989591904255555
v 3.374955811186897 27.04185558606105 4.4989591904255555
v 3.374955811186897 28.167591181883385 4.4989591904255555
v 3.374955811186897 29.29332677770572 4.4989591904255555
v 3.374955811186897 30.419062373528053 4.4989591904255555
v 3.374955811186897 31.544797969350387 4.4989591904255555
v 2.2492202153645664 24.79038439441638 4.498959092010622
v 2.2492202153645664 25.916119990238716 4.498959092010622
v 2.2492202153645664 27.04185558606105 4.498959092010622
v 2.2492202153645664 28.167591181883385 4.498959092010622
v 2.2492202153645664 29.29332677770572 4.498959092010622
v 2.2492202153645664 30.419062373528053 4.498959092010622
v 2.2492202153645664 31.544797969350387 4.498959092010622
v 1.1234846195422374 24.79038439441638 4.498958993595686
v 1.1234846195422374 25.916119990238716 4.498958993595686
v 1.1234846195422374 27.04185558606105 4.498958993595686
v 1.1234846195422374 28.167591181883385 4.498958993595686
v 1.1234846195422374 29.29332677770572 4.498958993595686
v 1.1234846195422374 30.419062373528053 4.498958993595686
v 1.1234846195422374 31.544797969350387 4.498958993595686
v -4.505193344643931 32.67053356517272 -1.129716614697017
v -4.5051932462289965 32.67053356517272 -2.2554522105193477
v -4.505193863537477 32.67053356517272 -3.3811878063417407
v -4.5051941021119495 23.664649752891933 -3.38118780634176
v -4.505193484803469 23.664649752891933 -2.2554522105193673
v -4.505193583218404 23.664649752891933 -1.1297166146970365
v -4.505193443058866 23.664649752891936 -0.003981018874686271
v -4.505193541473802 23.664649752891936 1.1217545769476445
v -4.505192924165321 23.664649752891936 2.2474901727700356
v -4.50519302258034 23.664649752891936 3.3732267228902586
v 4.500692095913857 32.67053356517272 -3.381190836213708
v 4.500691997498922 32.67053356517272 -2.2554552403913775
v 4.500691899083986 32.67053356517272 -1.1297196445690467
v 4.500691800669051 32.67053356517272 -0.003984048746717761
v 4.500691702254116 32.67053356517272 1.121751547075613
v 4.500691603839181 32.67053356517272 2.247487142897942
v 4.500691505424161 32.67053356517272 3.3732236930181614
v 4.500691702254116 23.664649752891936 1.1217515470756148
v 4.500691800669051 23.664649752891936 -0.003984048746715985
v 4.500691899083986 23.664649752891933 -1.129719644569045
v 4.500691997498922 23.664649752891933 -2.2554552403913757
v 4.500692095913857 23.664649752891933 -3.3811908362137064
v 3.374955909601832 32.67053356517272 3.3732235946032247
v 3.374956008016852 32.67053356517272 2.2474870444830053
v 3.374956106431787 32.67053356517272 1.1217514486606763
v 3.374956204846722 32.67053356517272 -0.0039841471616544055
v 3.3749563032616567 32.67053356517272 -1.1297197429839834
v 3.3749564016765934 32.67053356517272 -2.255455338806314
v 3.3749565000915283 32.67053356517272 -3.381190934628645
v 2.2492203137795013 32.67053356517272 3.3732234961882916
v 2.2492204121945214 32.67053356517272 2.2474869460680704
v 2.2492205106094563 32.67053356517272 1.1217513502457415
v 2.249220609024391 32.67053356517272 -0.003984245576589274
v 2.249220707439159 32.67053356517272 -1.1297179328031408
v 2.2492208058540957 32.67053356517272 -2.2554535286254715
v 2.2492209042690305 32.67053356517272 -3.3811891244478023
v 1.1234847179571723 32.67053356517272 3.373223397773355
v 1.1234848163721924 32.67053356517272 2.2474868476531356
v 1.1234849147871273 32.67053356517272 1.1217512518308066
v 1.1234850132020622 32.67053356517272 -0.003984343991524142
v 1.12348511161683 32.67053356517272 -1.1297180312180757
v 1.1234852100317667 32.67053356517272 -2.2554536270404064
v 1.1234853084467016 32.67053356517272 -3.381189222862737
v -0.0022508778651584294 32.67053356517272 3.3732232993584184
v -0.002250779450138296 32.67053356517272 2.2474867492382007
v -0.002250681035203428 32.67053356517272 1.1217511534158717
v -0.0022505826202685597 32.67053356517272 -0.00398444240645901
v -0.0022514385033893802 32.67053356517272 -1.129718129633094
v -0.0022513400884527357 32.67053356517272 -2.2554537254554248
v -0.0022512416735178675 32.67053356517272 -3.3811893212777555
v -3.379457551991564 32.67053356517272 -3.381189616522521
v -3.3794576504064997 32.67053356517272 -2.2554540207001903
v -3.37945727167249 32.67053356517272 -1.129718424877817
v -3.379457370087259 32.67053356517272 -0.003984737651265391
v -2.253721956169233 32.67053356517272 -3.3811895181075844
v -2.253722054584169 32.67053356517272 -2.2554539222852537
v -2.2537216758501595 32.67053356517272 -1.129718326462882
v -2.2537217742649283 32.67053356517272 -0.003984639236330523
v -1.1279863603469034 32.67053356517272 -3.3811894196926495
v -1.1279864587618391 32.67053356517272 -2.255453823870319
v -1.1279860800278296 32.67053356517272 -1.1297182280479472
v -1.1279861784425984 32.67053356517272 -0.003984540821395655
v -1.1279862768577837 32.67053356517272 1.1217539178946012
v -1.1279863752727195 32.67053356517272 2.24748951371693
v -1.1279850422409883 32.67053356517272 3.3732270181351645
v 3.3749565000915283 23.664649752891933 -3.381190934628643
v 3.3749564016765934 23.664649752891933 -2.2554553388063123
v 3.3749563032616567 23.664649752891933 -1.1297197429839816
v 3.374956204846722 23.664649752891936 -0.003984147161652629
v 3.374956106431787 23.664649752891936 1.121751448660678
v 3.374956008016852 23.664649752891936 2.247487044483007
v 2.2492209042690305 23.664649752891933 -3.3811891244478005
v 2.2492208058540957 23.664649752891933 -2.2554535286254698
v 2.249220707439159 23.664649752891933 -1.129717932803139
v 2.249220609024391 23.664649752891936 -0.003984245576587497
v 2.2492205106094563 23.664649752891936 1.1217513502457432
v 2.2492204121945214 23.664649752891936 2.247486946068072
v 2.2492203137795013 23.664649752891936 3.373223496188295
v 1.1234853084467016 23.664649752891933 -3.3811892228627354
v 1.1234852100317667 23.664649752891933 -2.2554536270404046
v 1.12348511161683 23.664649752891933 -1.129718031218074
v 1.1234850132020622 23.664649752891936 -0.0039843439915223655
v 1.1234849147871273 23.664649752891936 1.1217512518308084
v 1.1234848163721924 23.664649752891936 2.2474868476531373
v 1.1234847179571723 23.664649752891936 3.3732233977733586
v -0.0022512416735178675 23.664649752891933 -3.3811893212777537
v -0.0022513400884527357 23.664649752891933 -2.255453725455423
v -0.0022514385033893802 23.664649752891933 -1.1297181296330923
v -0.0022505826202685597 23.664649752891936 -0.003984442406457234
v -0.002250681035203428 23.664649752891936 1.1217511534158735
v -0.002250779450138296 23.664649752891936 2.2474867492382025
v -0.0022508778651584294 23.664649752891936 3.373223299358422
v -3.379456711034593 23.664649752891936 3.3732268213052556
v -3.3794580440663244 23.664649752891936 2.2474893168870196
v -3.3794579456513887 23.664649752891936 1.1217537210646906
v -3.3794578472362033 23.664649752891936 -0.003984737651306247
v -3.3794577488214346 23.664649752891933 -1.1297184248778578
v -3.379458127555444 23.664649752891933 -2.2554540207002294
v -2.2537211152122625 23.664649752891936 3.3732269197201887
v -2.2537224482439937 23.664649752891936 2.2474894153019562
v -2.253722349829058 23.664649752891936 1.1217538194796273
v -2.2537222514138726 23.664649752891936 -0.003984639236369603
v -2.253722152999104 23.664649752891933 -1.1297183264629211
v -2.2537225317331133 23.664649752891933 -2.2554539222852945
v -2.2537224333181776 23.664649752891933 -3.3811895181076252
v -1.1279855193899326 23.664649752891936 3.3732270181351254
v -1.1279868524216639 23.664649752891936 2.247489513716891
v -1.127986754006728 23.664649752891936 1.1217539178945621
v -1.1279866555915428 23.664649752891936 -0.003984540821434734
v -1.127986557176774 23.664649752891933 -1.1297182280479863
v -1.1279869359107835 23.664649752891933 -2.2554538238703596
v -1.1279868374958477 23.664649752891933 -3.3811894196926904
v -4.5051941021119495 24.79038439441638 -3.38118780634176
v -4.505193484803469 24.79038439441638 -2.2554522105193673
v -4.505193583218404 24.79038439441638 -1.1297166146970365
v -4.505193443058866 24.79038439441638 -0.003981018874686271
v -4.505193541473802 24.79038439441638 1.1217545769476445
v -4.5051941021119495 25.916119990238716 -3.38118780634176
v -4.505193484803469 25.916119990238716 -2.2554522105193673
v -4.505193583218404 25.916119990238716 -1.1297166146970365
v -4.505193443058866 25.916119990238716 -0.003981018874686271
v -4.5051941021119495 27.04185558606105 -3.38118780634176
v -4.505193484803469 27.04185558606105 -2.2554522105193673
v -4.505193583218404 27.04185558606105 -1.1297166146970365
v -4.505193863537477 28.167591181883385 -3.381187806341739
v -4.5051932462289965 28.167591181883385 -2.255452210519346
v -4.505193344643931 31.544797969350387 -1.129716614697017
v -4.5051932462289965 31.544797969350387 -2.2554522105193477
v -4.505193863537477 31.544797969350387 -3.3811878063417407
v -4.505193344643931 30.419062373528053 -1.129716614697017
v -4.5051932462289965 30.419062373528053 -2.2554522105193477
v -4.505193863537477 30.419062373528053 -3.3811878063417407
v -4.5051932462289965 29.29332677770572 -2.2554522105193477
v -4.505193863537477 29.29332677770572 -3.3811878063417407
v 4.500691505424161 24.79038439441638 3.373223693018165
v 4.500692095913857 24.79038439441638 -3.3811908362137064
v 4.500691505424161 25.916119990238716 3.373223693018165
v 4.500691603839181 25.916119990238716 2.2474871428979437
v 4.500691702254116 25.916119990238716 1.1217515470756148
v 4.500691899083986 25.916119990238716 -1.129719644569045
v 4.500691997498922 25.916119990238716 -2.2554552403913757
v 4.500692095913857 25.916119990238716 -3.3811908362137064
v 4.500691505424161 27.04185558606105 3.373223693018165
v 4.500691603839181 27.04185558606105 2.2474871428979437
v 4.500691702254116 27.04185558606105 1.1217515470756148
v 4.500691800669051 27.04185558606105 -0.003984048746715985
v 4.500691899083986 27.04185558606105 -1.129719644569045
v 4.500691997498922 27.04185558606105 -2.2554552403913757
v 4.500692095913857 27.04185558606105 -3.3811908362137064
v 4.500691505424161 28.167591181883385 3.373223693018165
v 4.500691603839181 28.167591181883385 2.2474871428979437
v 4.500691702254116 28.167591181883385 1.1217515470756148
v 4.500691800669051 28.167591181883385 -0.003984048746715985
v 4.500691899083986 28.167591181883385 -1.129719644569045
v 4.500691997498922 28.167591181883385 -2.2554552403913757
v 4.500692095913857 28.167591181883385 -3.3811908362137064
v 4.500692095913857 31.544797969350387 -3.381190836213708
v 4.500691997498922 31.544797969350387 -2.2554552403913775
v 4.500691899083986 31.544797969350387 -1.1297196445690467
v 4.500691800669051 31.544797969350387 -0.003984048746717761
v 4.500691702254116 31.544797969350387 1.121751547075613
v 4.500691603839181 31.544797969350387 2.247487142897942
v 4.500691505424161 31.544797969350387 3.373223693018165
v 4.500692095913857 30.419062373528053 -3.381190836213708
v 4.500691997498922 30.419062373528053 -2.2554552403913775
v 4.500691899083986 30.419062373528053 -1.1297196445690467
v 4.500691800669051 30.419062373528053 -0.003984048746717761
v 4.500691702254116 30.419062373528053 1.121751547075613
v 4.500691603839181 30.419062373528053 2.247487142897942
v 4.500691505424161 30.419062373528053 3.373223693018165
v 4.500692095913857 29.29332677770572 -3.381190836213708
v 4.500691997498922 29.29332677770572 -2.2554552403913775
v 4.500691899083986 29.29332677770572 -1.1297196445690467
v 4.500691800669051 29.29332677770572 -0.003984048746717761
v 4.500691702254116 29.29332677770572 1.121751547075613
v 4.500691603839181 29.29332677770572 2.247487142897942
v 4.500691505424161 29.29332677770572 3.373223693018165
v -4.50519400369693 23.664649752891933 -4.506924356461978
v -4.505193765122458 32.67053356517272 -4.506924356461958
v 4.500691407009226 23.664649752891936 4.498959288840492
v 4.500691407009226 32.67053356517272 4.498959288840489
v 4.50069124003082 32.67053356517272 -4.506925477738232
v -4.505192882420802 23.664649752891936 4.4989623187126035
v -3.3794584078746013 32.67053356517272 -4.506924258047045
v -2.253722812052187 32.67053356517272 -4.506925113929997
v -1.1279872162298572 32.67053356517272 -4.506925015515062
v -0.0022520975564717105 32.67053356517272 -4.506924917100168
v 1.1234844525637477 32.67053356517272 -4.50692481868515
v 2.24922004838616 32.67053356517272 -4.5069256745681034
v 3.374955644208491 32.67053356517272 -4.506925576153169
v 3.374955644208491 23.664649752891933 -4.506925576153167
v 2.24922004838616 23.664649752891933 -4.506925674568102
v 1.1234844525637477 23.664649752891933 -4.506924818685148
v -0.0022520975564717105 23.664649752891933 -4.506924917100166
v -1.1279876933788016 23.664649752891933 -4.506925015515103
v -2.2537232892011314 23.664649752891933 -4.506925113930038
v -3.3794588850235456 23.664649752891933 -4.506924258047084
v 3.374955811186897 32.67053356517272 4.498959190425552
v 2.2492202153645664 32.67053356517272 4.498959092010619
v 1.1234846195422374 32.67053356517272 4.498958993595682
v -0.0022509762800932975 32.67053356517272 4.4989588951807455
v -1.127985140655924 32.67053356517272 4.498962613957492
v -3.379456809449529 23.664649752891936 4.498962417127583
v -2.2537212136271982 23.664649752891936 4.498962515542516
v -1.1279856178048684 23.664649752891936 4.498962613957453
v -0.0022509762800932975 23.664649752891936 4.498958895180749
v 1.1234846195422374 23.664649752891936 4.498958993595686
v 2.2492202153645664 23.664649752891936 4.498959092010622
v 3.374955811186897 23.664649752891936 4.4989591904255555
v -4.505193765122458 31.544797969350387 -4.506924356461958
v -4.505193765122458 30.419062373528053 -4.506924356461958
v -4.505193765122458 29.29332677770572 -4.506924356461958
v -4.505193765122458 28.167591181883385 -4.5069243564619565
v -4.50519400369693 27.04185558606105 -4.506924356461978
v -4.50519400369693 25.916119990238716 -4.506924356461978
v -4.50519400369693 24.79038439441638 -4.506924356461978
v 4.500691407009226 31.544797969350387 4.498959288840492
v 4.500691407009226 30.419062373528053 4.498959288840492
v 4.500691407009226 29.29332677770572 4.498959288840492
v 4.500691407009226 28.167591181883385 4.498959288840492
v 4.500691407009226 27.04185558606105 4.498959288840492
v 4.500691407009226 25.916119990238716 4.498959288840492
v 4.500691407009226 24.79038439441638 4.498959288840492
v 4.50069124003082 24.79038439441638 -4.50692547773823
v 4.50069124003082 25.916119990238716 -4.50692547773823
v 4.50069124003082 27.04185558606105 -4.50692547773823
v 4.50069124003082 28.167591181883385 -4.50692547773823
v 4.50069124003082 29.29332677770572 -4.506925477738232
v 4.50069124003082 30.419062373528053 -4.506925477738232
v 4.50069124003082 31.544797969350387 -4.506925477738232
v 3.374955644208491 31.544797969350387 -4.506925576153169
v 3.374955644208491 30.419062373528053 -4.506925576153169
v 3.374955644208491 29.29332677770572 -4.506925576153169
v 3.374955644208491 28.167591181883385 -4.506925576153167
v 3.374955644208491 27.04185558606105 -4.506925576153167
v 3.374955644208491 25.916119990238716 -4.506925576153167
v 3.374955644208491 24.79038439441638 -4.506925576153167
v 2.24922004838616 31.544797969350387 -4.5069256745681034
v 2.24922004838616 30.419062373528053 -4.5069256745681034
v 2.24922004838616 29.29332677770572 -4.5069256745681034
v 2.24922004838616 28.167591181883385 -4.506925674568102
v 2.24922004838616 27.04185558606105 -4.506925674568102
v 2.24922004838616 25.916119990238716 -4.506925674568102
v 2.24922004838616 24.79038439441638 -4.506925674568102
v 1.1234844525637477 31.544797969350387 -4.50692481868515
v 1.1234844525637477 30.419062373528053 -4.50692481868515
v 1.1234844525637477 29.29332677770572 -4.50692481868515
v 1.1234844525637477 28.167591181883385 -4.506924818685148
v 1.1234844525637477 27.04185558606105 -4.506924818685148
v 1.1234844525637477 25.916119990238716 -4.506924818685148
v 1.1234844525637477 24.79038439441638 -4.506924818685148
v -0.0022520975564717105 31.544797969350387 -4.506924917100168
v -0.0022520975564717105 30.419062373528053 -4.506924917100168
v -0.0022520975564717105 29.29332677770572 -4.506924917100168
v -0.0022520975564717105 28.167591181883385 -4.506924917100166
v -0.0022520975564717105 27.04185558606105 -4.506924917100166
v -0.0022520975564717105 25.916119990238716 -4.506924917100166
v -0.0022520975564717105 24.79038439441638 -4.506924917100166
v -3.3794588850235456 24.79038439441638 -4.506924258047084
v -3.3794588850235456 25.916119990238716 -4.506924258047084
v -3.3794588850235456 27.04185558606105 -4.506924258047084
v -3.3794588850235456 28.167591181883385 -4.506924258047084
v -3.3794588850235456 29.29332677770572 -4.506924258047086
v -3.3794588850235456 30.419062373528053 -4.506924258047086
v -3.3794584078746013 31.544797969350387 -4.506924258047045
v -2.2537232892011314 24.79038439441638 -4.506925113930038
v -2.2537232892011314 25.916119990238716 -4.506925113930038
v -2.2537232892011314 27.04185558606105 -4.506925113930038
v -2.2537232892011314 28.167591181883385 -4.506925113930038
v -2.2537232892011314 29.29332677770572 -4.5069251139300395
v -2.2537232892011314 30.419062373528053 -4.5069251139300395
v -2.253722812052187 31.544797969350387 -4.506925113929997
v -1.1279876933788016 24.79038439441638 -4.506925015515103
v -1.1279876933788016 25.916119990238716 -4.506925015515103
v -1.1279876933788016 27.04185558606105 -4.506925015515103
v -1.1279876933788016 28.167591181883385 -4.506925015515103
v -1.1279876933788016 29.29332677770572 -4.506925015515105
v -1.1279876933788016 30.419062373528053 -4.506925015515105
v -1.1279872162298572 31.544797969350387 -4.506925015515062
v -2.2537212136271982 27.04185558606105 4.498962515542516
v -2.2537212136271982 25.916119990238716 4.498962515542516
v -1.127985140655924 31.544797969350387 4.498962613957495
v -1.1279856178048684 30.419062373528053 4.498962613957453
v -1.1279856178048684 29.29332677770572 4.498962613957453
v -1.1279856178048684 28.167591181883385 4.498962613957453
v -1.1279856178048684 27.04185558606105 4.498962613957453
v -1.1279856178048684 25.916119990238716 4.498962613957453
v -0.0022509762800932975 31.544797969350387 4.498958895180749
v -0.0022509762800932975 30.419062373528053 4.498958895180749
v -0.0022509762800932975 29.29332677770572 4.498958895180749
v -0.0022509762800932975 28.167591181883385 4.498958895180749
v -0.0022509762800932975 27.04185558606105 4.498958895180749
v -0.0022509762800932975 25.916119990238716 4.498958895180749
v -0.0022509762800932975 24.79038439441638 4.498958895180749
v 3.374955811186897 24.79038439441638 4.4989591904255555
v 3.374955811186897 25.916119990238716 4.4989591904255555
v 3.374955811186897 27.04185558606105 4.4989591904255555
v 3.374955811186897 28.167591181883385 4.4989591904255555
v 3.374955811186897 29.29332677770572 4.4989591904255555
v 3.374955811186897 30.419062373528053 4.4989591904255555
v 3.374955811186897 31.544797969350387 4.4989591904255555
v 2.2492202153645664 24.79038439441638 4.498959092010622
v 2.2492202153645664 25.916119990238716 4.498959092010622
v 2.2492202153645664 27.04185558606105 4.498959092010622
v 2.2492202153645664 28.167591181883385 4.498959092010622
v 2.2492202153645664 29.29332677770572 4.498959092010622
v 2.2492202153645664 30.419062373528053 4.498959092010622
v 2.2492202153645664 31.544797969350387 4.498959092010622
v 1.1234846195422374 24.79038439441638 4.498958993595686
v 1.1234846195422374 25.916119990238716 4.498958993595686
v 1.1234846195422374 27.04185558606105 4.498958993595686
v 1.1234846195422374 28.167591181883385 4.498958993595686
v 1.1234846195422374 29.29332677770572 4.498958993595686
v 1.1234846195422374 30.419062373528053 4.498958993595686
v 1.1234846195422374 31.544797969350387 4.498958993595686
v -4.505193344643931 32.67053356517272 -1.129716614697017
v -4.5051932462289965 32.67053356517272 -2.2554522105193477
v -4.505193863537477 32.67053356517272 -3.3811878063417407
v -4.5051941021119495 23.664649752891933 -3.38118780634176
v -4.505193484803469 23.664649752891933 -2.2554522105193673
v -4.505193583218404 23.664649752891933 -1.1297166146970365
v -4.505193443058866 23.664649752891936 -0.003981018874686271
v -4.505193541473802 23.664649752891936 1.1217545769476445
v -4.505192924165321 23.664649752891936 2.2474901727700356
v -4.50519302258034 23.664649752891936 3.3732267228902586
v 4.500692095913857 32.67053356517272 -3.381190836213708
v 4.500691997498922 32.67053356517272 -2.2554552403913775
v 4.500691899083986 32.67053356517272 -1.1297196445690467
v 4.500691800669051 32.67053356517272 -0.003984048746717761
v 4.500691702254116 32.67053356517272 1.121751547075613
v 4.500691603839181 32.67053356517272 2.247487142897942
v 4.500691505424161 32.67053356517272 3.3732236930181614
v 4.500691702254116 23.664649752891936 1.1217515470756148
v 4.500691800669051 23.664649752891936 -0.003984048746715985
v 4.500691899083986 23.664649752891933 -1.129719644569045
v 4.500691997498922 23.664649752891933 -2.2554552403913757
v 4.500692095913857 23.664649752891933 -3.3811908362137064
v 3.374955909601832 32.67053356517272 3.3732235946032247
v 3.374956008016852 32.67053356517272 2.2474870444830053
v 3.374956106431787 32.67053356517272 1.1217514486606763
v 3.374956204846722 32.67053356517272 -0.0039841471616544055
v 3.3749563032616567 32.67053356517272 -1.1297197429839834
v 3.3749564016765934 32.67053356517272 -2.255455338806314
v 3.3749565000915283 32.67053356517272 -3.381190934628645
v 2.2492203137795013 32.67053356517272 3.3732234961882916
v 2.2492204121945214 32.67053356517272 2.2474869460680704
v 2.2492205106094563 32.67053356517272 1.1217513502457415
v 2.249220609024391 32.67053356517272 -0.003984245576589274
v 2.249220707439159 32.67053356517272 -1.1297179328031408
v 2.2492208058540957 32.67053356517272 -2.2554535286254715
v 2.2492209042690305 32.67053356517272 -3.3811891244478023
v 1.1234847179571723 32.67053356517272 3.373223397773355
v 1.1234848163721924 32.67053356517272 2.2474868476531356
v 1.1234849147871273 32.67053356517272 1.1217512518308066
v 1.1234850132020622 32.67053356517272 -0.003984343991524142
v 1.12348511161683 32.67053356517272 -1.1297180312180757
v 1.1234852100317667 32.67053356517272 -2.2554536270404064
v 1.1234853084467016 32.67053356517272 -3.381189222862737
v -0.0022508778651584294 32.67053356517272 3.3732232993584184
v -0.002250779450138296 32.67053356517272 2.2474867492382007
v -0.002250681035203428 32.67053356517272 1.1217511534158717
v -0.0022505826202685597 32.67053356517272 -0.00398444240645901
v -0.0022514385033893802 32.67053356517272 -1.129718129633094
v -0.0022513400884527357 32.67053356517272 -2.2554537254554248
v -0.0022512416735178675 32.67053356517272 -3.3811893212777555
v -3.379457551991564 32.67053356517272 -3.381189616522521
v -3.3794576504064997 32.67053356517272 -2.2554540207001903
v -3.37945727167249 32.67053356517272 -1.129718424877817
v -3.379457370087259 32.67053356517272 -0.003984737651265391
v -2.253721956169233 32.67053356517272 -3.3811895181075844
v -2.253722054584169 32.67053356517272 -2.2554539222852537
v -2.2537216758501595 32.67053356517272 -1.129718326462882
v -2.2537217742649283 32.67053356517272 -0.003984639236330523
v -1.1279863603469034 32.67053356517272 -3.3811894196926495
v -1.1279864587618391 32.67053356517272 -2.255453823870319
v -1.1279860800278296 32.67053356517272 -1.1297182280479472
v -1.1279861784425984 32.67053356517272 -0.003984540821395655
v -1.1279862768577837 32.67053356517272 1.1217539178946012
v -1.1279863752727195 32.67053356517272 2.24748951371693
v -1.1279850422409883 32.67053356517272 3.3732270181351645
v 3.3749565000915283 23.664649752891933 -3.381190934628643
v 3.3749564016765934 23.664649752891933 -2.2554553388063123
v 3.3749563032616567 23.664649752891933 -1.1297197429839816
v 3.374956204846722 23.664649752891936 -0.003984147161652629
v 3.374956106431787 23.664649752891936 1.121751448660678
v 3.374956008016852 23.664649752891936 2.247487044483007
v 2.2492209042690305 23.664649752891933 -3.3811891244478005
v 2.2492208058540957 23.664649752891933 -2.2554535286254698
v 2.249220707439159 23.664649752891933 -1.129717932803139
v 2.249220609024391 23.664649752891936 -0.003984245576587497
v 2.2492205106094563 23.664649752891936 1.1217513502457432
v 2.2492204121945214 23.664649752891936 2.247486946068072
v 2.2492203137795013 23.664649752891936 3.373223496188295
v 1.1234853084467016 23.664649752891933 -3.3811892228627354
v 1.1234852100317667 23.664649752891933 -2.2554536270404046
v 1.12348511161683 23.664649752891933 -1.129718031218074
v 1.1234850132020622 23.664649752891936 -0.0039843439915223655
v 1.1234849147871273 23.664649752891936 1.1217512518308084
v 1.1234848163721924 23.664649752891936 2.2474868476531373
v 1.1234847179571723 23.664649752891936 3.3732233977733586
v -0.0022512416735178675 23.664649752891933 -3.3811893212777537
v -0.0022513400884527357 23.664649752891933 -2.255453725455423
v -0.0022514385033893802 23.664649752891933 -1.1297181296330923
v -0.0022505826202685597 23.664649752891936 -0.003984442406457234
v -0.002250681035203428 23.664649752891936 1.1217511534158735
v -0.002250779450138296 23.664649752891936 2.2474867492382025
v -0.0022508778651584294 23.664649752891936 3.373223299358422
v -3.379456711034593 23.664649752891936 3.3732268213052556
v -3.3794580440663244 23.664649752891936 2.2474893168870196
v -3.3794579456513887 23.664649752891936 1.1217537210646906
v -3.3794578472362033 23.664649752891936 -0.003984737651306247
v -3.3794577488214346 23.664649752891933 -1.1297184248778578
v -3.379458127555444 23.664649752891933 -2.2554540207002294
v -2.2537211152122625 23.664649752891936 3.3732269197201887
v -2.2537224482439937 23.664649752891936 2.2474894153019562
v -2.253722349829058 23.664649752891936 1.1217538194796273
v -2.2537222514138726 23.664649752891936 -0.003984639236369603
v -2.253722152999104 23.664649752891933 -1.1297183264629211
v -2.2537225317331133 23.664649752891933 -2.2554539222852945
v -2.2537224333181776 23.664649752891933 -3.3811895181076252
v -1.1279855193899326 23.664649752891936 3.3732270181351254
v -1.1279868524216639 23.664649752891936 2.247489513716891
v -1.127986754006728 23.664649752891936 1.1217539178945621
v -1.1279866555915428 23.664649752891936 -0.003984540821434734
v -1.127986557176774 23.664649752891933 -1.1297182280479863
v -1.1279869359107835 23.664649752891933 -2.2554538238703596
v -1.1279868374958477 23.664649752891933 -3.3811894196926904
v -4.5051941021119495 24.79038439441638 -3.38118780634176
v -4.505193484803469 24.79038439441638 -2.2554522105193673
v -4.505193583218404 24.79038439441638 -1.1297166146970365
v -4.505193443058866 24.79038439441638 -0.003981018874686271
v -4.505193541473802 24.79038439441638 1.1217545769476445
v -4.5051941021119495 25.916119990238716 -3.38118780634176
v -4.505193484803469 25.916119990238716 -2.2554522105193673
v -4.505193583218404 25.916119990238716 -1.1297166146970365
v -4.505193443058866 25.916119990238716 -0.003981018874686271
v -4.5051941021119495 27.04185558606105 -3.38118780634176
v -4.505193484803469 27.04185558606105 -2.2554522105193673
v -4.505193583218404 27.04185558606105 -1.1297166146970365
v -4.505193863537477 28.167591181883385 -3.381187806341739
v -4.5051932462289965 28.167591181883385 -2.255452210519346
v -4.505193344643931 31.544797969350387 -1.129716614697017
v -4.5051932462289965 31.544797969350387 -2.2554522105193477
v -4.505193863537477 31.544797969350387 -3.3811878063417407
v -4.505193344643931 30.419062373528053 -1.129716614697017
v -4.5051932462289965 30.419062373528053 -2.2554522105193477
v -4.505193863537477 30.419062373528053 -3.3811878063417407
v -4.5051932462289965 29.29332677770572 -2.2554522105193477
v -4.505193863537477 29.29332677770572 -3.3811878063417407
v 4.500691505424161 24.79038439441638 3.373223693018165
v 4.500692095913857 24.79038439441638 -3.3811908362137064
v 4.500691505424161 25.916119990238716 3.373223693018165
v 4.500691603839181 25.916119990238716 2.2474871428979437
v 4.500691702254116 25.916119990238716 1.1217515470756148
v 4.500691899083986 25.916119990238716 -1.129719644569045
v 4.500691997498922 25.916119990238716 -2.2554552403913757
v 4.500692095913857 25.916119990238716 -3.3811908362137064
v 4.500691505424161 27.04185558606105 3.373223693018165
v 4.500691603839181 27.04185558606105 2.2474871428979437
v 4.500691702254116 27.04185558606105 1.1217515470756148
v 4.500691800669051 27.04185558606105 -0.003984048746715985
v 4.500691899083986 27.04185558606105 -1.129719644569045
v 4.500691997498922 27.04185558606105 -2.2554552403913757
v 4.500692095913857 27.04185558606105 -3.3811908362137064
v 4.500691505424161 28.167591181883385 3.373223693018165
v 4.500691603839181 28.167591181883385 2.2474871428979437
v 4.500691702254116 28.167591181883385 1.1217515470756148
v 4.500691800669051 28.167591181883385 -0.003984048746715985
v 4.500691899083986 28.167591181883385 -1.129719644569045
v 4.500691997498922 28.167591181883385 -2.2554552403913757
v 4.500692095913857 28.167591181883385 -3.3811908362137064
v 4.500692095913857 31.544797969350387 -3.381190836213708
v 4.500691997498922 31.544797969350387 -2.2554552403913775
v 4.500691899083986 31.544797969350387 -1.1297196445690467
v 4.500691800669051 31.544797969350387 -0.003984048746717761
v 4.500691702254116 31.544797969350387 1.121751547075613
v 4.500691603839181 31.544797969350387 2.247487142897942
v 4.500691505424161 31.544797969350387 3.373223693018165
v 4.500692095913857 30.419062373528053 -3.381190836213708
v 4.500691997498922 30.419062373528053 -2.2554552403913775
v 4.500691899083986 30.419062373528053 -1.1297196445690467
v 4.500691800669051 30.419062373528053 -0.003984048746717761
v 4.500691702254116 30.419062373528053 1.121751547075613
v 4.500691603839181 30.419062373528053 2.247487142897942
v 4.500691505424161 30.419062373528053 3.373223693018165
v 4.500692095913857 29.29332677770572 -3.381190836213708
v 4.500691997498922 29.29332677770572 -2.2554552403913775
v 4.500691899083986 29.29332677770572 -1.1297196445690467
v 4.500691800669051 29.29332677770572 -0.003984048746717761
v 4.500691702254116 29.29332677770572 1.121751547075613
v 4.500691603839181 29.29332677770572 2.247487142897942
v 4.500691505424161 29.29332677770572 3.373223693018165
v 4.00036564853038 12.157129374632408 1.997324587717653
v 4.000366602828269 24.164977638666418 1.997324587717733
v -3.9715117168160745 12.15712961320688 -2.0052896524230093
v 1.1234846195422374 23.664649752891936 4.498958993595686
v 1.1234846195422374 23.664649752891936 4.498958993595686
v -3.971512193965019 12.157130090355825 -2.005289652423052
v 7.9479547254039336 24.164976684368526 -2.0052895646880096
v 7.947955329782136 24.16497668436853 1.9973249328269134
v 7.947955329782136 12.157129374632408 1.997324932826917
v 7.9479547254039336 12.157129374632408 -2.005289564688006
v 3.945340832267213 12.157129374632408 1.9973255372051195
v 3.9453421364848715 24.164977638666414 -2.0052899146075287
v 3.945341182186983 12.157129374632408 -2.0052899146076086
v 3.945341786565102 24.164977638666418 1.9973255372051995
v -7.993497030024669 24.164976684368526 -2.005292866929816
v -7.993499288540132 24.16497668436853 1.9973216305848567
v -7.993499288540132 12.157129374632408 1.9973216305848602
v -7.993497030024669 12.157129374632408 -2.0052928669298122
v -3.9908838367274866 12.157129374632408 1.9973229348025185
v -3.9908844411056057 24.164977638666414 -2.0052925170102966
v -3.990883486807717 12.157129374632408 -2.0052925170102096
v -3.9908847910253753 24.164977638666418 1.9973229348024315
vt 0.6865829229354858 1
vt 0 0.6865234076976776
vt 0 0.7490234076976776
vt 0.5016511678695679 1
vt 0 0.6884765923023224
vt 0 1
vt 0.7488756775856018 1
vt 0.5615233778953552 0.3114704489707947
vt 0 1
vt 0.18652339279651642 0.31341707706451416
vt 0.5016511678695679 1
vt 0.5016511678695679 1
vt 0.6865829229354858 1
vt 0 0.8740233927965164
vt 0 0.9384765587747097
vt 0.5016511678695679 1
vt 0.4365234076976776 0.31341707706451416
vt 0 0.9365234375
vt 0.7488756775856018 1
vt 0 0.875976599752903
vt 0 0.7509766072034836
vt 0 0.18847662210464478
vt 0.6865829229354858 1
vt 0 0.8740233927965164
vt 0.5016511678695679 1
vt 0.7488756775856018 1
vt 0 0.8740233927965164
vt 0 0.9365234375
vt 0.18652339279651642 0.3114704489707947
vt 0.6885295510292053 1
vt 0 0.8134766072034836
vt 0.6865829229354858 1
vt 0 0.8134766072034836
vt 0.18847660720348358 0.49834883213043213
vt 0 0.8115233927965164
vt 0.6865829229354858 1
vt 0.24902339279651642 0.31341707706451416
vt 0 0.7509766072034836
vt 0.5016511678695679 1
vt 0.0634765625 0.49834883213043213
vt 0 0.9365234375
vt 0.6865829229354858 1
vt 0.12402340024709702 0.31341707706451416
vt 0 0.875976599752903
vt 0.5016511678695679 1
vt 0.0009765625 0.2491776943206787
vt 0 0.9990234375
vt 0.8734613060951233 1
vt 0.12402340024709702 0.1265386939048767
vt 0 0.875976599752903
vt 0.7508223056793213 1
vt 0.2509765923023224 0.2491776943206787
vt 0 0.7490234076976776
vt 0.8734613060951233 1
vt 0.3740234076976776 0.1265386939048767
vt 0 0.6259765923023224
vt 0.7508223056793213 1
vt 0.24902339279651642 0.001953125
vt 0 0.7509766072034836
vt 0.8754079937934875 1
vt 0.12597660720348358 0.12459200620651245
vt 0 0.8740233927965164
vt 0.998046875 1
vt 0.3740234076976776 0.12459200620651245
vt 0 0.6259765923023224
vt 0.998046875 1
vt 0.2509765923023224 0.001953125
vt 0 0.7490234076976776
vt 0.8754079937934875 1
vt 0.3759765923023224 0.2491776943206787
vt 0 0.6240234076976776
vt 0.8734613060951233 1
vt 0.4990234076976776 0.1265386939048767
vt 0 0.5009765923023224
vt 0.7508223056793213 1
vt 0.12597660720348358 0.2491776943206787
vt 0 0.8740233927965164
vt 0.8734613060951233 1
vt 0.24902339279651642 0.1265386939048767
vt 0 0.7509766072034836
vt 0.7508223056793213 1
vt 0.27258574962615967 0.53125
vt 0 0.7274142503738403
vt 0.453125 1
vt 0.27258574962615967 0.5625
vt 0 0.7274142503738403
vt 0.421875 1
vt 0.13252562284469604 0.625
vt 0 0.867474377155304
vt 0.359375 1
vt 0.13252562284469604 0.65625
vt 0 0.867474377155304
vt 0.328125 1
vt 0.13252562284469604 0.6875
vt 0 0.867474377155304
vt 0.296875 1
vt 0.13252562284469604 0.71875
vt 0 0.867474377155304
vt 0.265625 1
vt 0.2109592854976654 0.546875
vt 0 0.7890407145023346
vt 0.4375 1
vt 0.2109592854976654 0.578125
vt 0 0.7890407145023346
vt 0.40625 1
vt 0.2109592854976654 0.609375
vt 0 0.7890407145023346
vt 0.375 1
vt 0.2109592854976654 0.640625
vt 0 0.8518141359090805
vt 0.25 1
vt 0.1638725847005844 0.75
vt 0 0.8204406797885895
vt 0.25 1
vt 0.19524605572223663 0.5625
vt 0 0.8047539442777634
vt 0.421875 1
vt 0.17955932021141052 0.578125
vt 0 0.8047539442777634
vt 0.40625 1
vt 0.17955932021141052 0.59375
vt 0 0.8361274003982544
vt 0.40625 1
vt 0.19524605572223663 0.609375
vt 0 0.8204406797885895
vt 0.390625 1
vt 0.1638725996017456 0.609375
vt 0 0.8518141508102417
vt 0.390625 1
vt 0.19524605572223663 0.625
vt 0 0.8204406797885895
vt 0.375 1
vt 0.1638725996017456 0.625
vt 0 0.8518141508102417
vt 0.375 1
vt 0.19524605572223663 0.640625
vt 0 0.8204406797885895
vt 0.359375 1
vt 0.1638725996017456 0.640625
vt 0 0.8518141508102417
vt 0.359375 1
vt 0.19524605572223663 0.65625
vt 0 0.8204406797885895
vt 0.34375 1
vt 0.1638725996017456 0.65625
vt 0 0.8518141508102417
vt 0.34375 1
vt 0.17955932021141052 0.671875
vt 0 0.8361274003982544
vt 0.328125 1
vt 0.1481858491897583 0.671875
vt 0 0.8361274003982544
vt 0.3125 1
vt 0.1481858491897583 0.6875
vt 0 0.8361274003982544
vt 0.296875 1
vt 0.1481858491897583 0.703125
vt 0 0.8204406797885895
vt 0.28125 1
vt 0.17955932021141052 0.734375
vt 0 0.8361274003982544
vt 0.28125 1
vt 0.2413371503353119 0.53125
vt 0.265625 1
vt 0.46875 1
vt 0.453125 1
vt 0 0.7733055204153061
vt 0.2266944795846939 0.546875
vt 0 0.7586628496646881
vt 0 0.7425115406513214
vt 0.4375 1
vt 0.2413371503353119 0.5625
vt 0.46875 1
vt 0 0.7733055204153061
vt 0.4375 1
vt 0.2574884593486786 0.578125
vt 0 0.7586628496646881
vt 0.421875 1
vt 0.2266944795846939 0.578125
vt 0 0.7425115406513214
vt 0.2574884593486786 0.546875
vt 0.2413371503353119 0.59375
vt 0.40625 1
vt 0.40625 1
vt 0 0.7733055204153061
vt 0 0.7733055204153061
vt 0.2413371503353119 0.609375
vt 0.390625 1
vt 0.2266944795846939 0.625
vt 0 0.9764472134411335
vt 0.21875 1
vt 0 0.9451297745108604
vt 0.03940004110336304 0.78125
vt 0.1638725996017456 0.71875
vt 0.21875 1
vt 0.07071753591299057 0.78125
vt 0 0.9764472134411335
vt 0 0.8518141508102417
vt 0.03940004110336304 0.765625
vt 0.234375 1
vt 0.234375 1
vt 0 0.9451297745108604
vt 0.07071753591299057 0.765625
vt 0 0.9764472134411335
vt 0.25 1
vt 0.03940004110336304 0.75
vt 0 0.9451297745108604
vt 0 0.9134165942668915
vt 0.10130847990512848 0.671875
vt 0.328125 1
vt 0.25 1
vt 0.07071753591299057 0.75
vt 0 0.9134165942668915
vt 0.25 1
vt 0.08658340573310852 0.625
vt 0.1481858491897583 0.734375
vt 0 0.9292824640870094
vt 0.375 1
vt 0.328125 1
vt 0.054870232939720154 0.625
vt 0 0.8839664533734322
vt 0.10130847990512848 0.640625
vt 0.359375 1
vt 0.07071753591299057 0.671875
vt 0.359375 1
vt 0 0.9134165942668915
vt 0.07071753591299057 0.640625
vt 0 0.9451297670602798
vt 0.11603354662656784 0.65625
vt 0.359375 1
vt 0 0.8986915200948715
vt 0.34375 1
vt 0 0.7425115406513214
vt 0 0.9292824640870094
vt 0.08658340573310852 0.65625
vt 0.34375 1
vt 0.054870232939720154 0.65625
vt 0 0.8839664533734322
vt 0 1
vt 0.3125 1
vt 0 1
vt 0.10130847990512848 0.6875
vt 0.3125 1
vt 0 1
vt 0.11603354662656784 0.734375
vt 0 0.8986915200948715
vt 0.265625 1
vt 0.08658340573310852 0.734375
vt 0 0.9292824640870094
vt 0.265625 1
vt 0.054870232939720154 0.734375
vt 0 1
vt 0 0.7425115406513214
vt 0.421875 1
vt 0.27258574962615967 0.578125
vt 0 0.7274142503738403
vt 0 0.7274142503738403
vt 0.46875 1
vt 0 0.8839664533734322
vt 0.265625 1
vt 0.13252562284469604 0.734375
vt 0 0.867474377155304
vt 0.375 1
vt 0.19524605572223663 0.640625
vt 0 0.7890407145023346
vt 0.359375 1
vt 0.2109592854976654 0.546875
vt 0.2109592854976654 0.5625
vt 0 0.8047539442777634
vt 0.4375 1
vt 0.375 1
vt 0.1481858640909195 0.75
vt 0 0.8361274152994156
vt 0.25 1
vt 0.17955932021141052 0.75
vt 0 0.8047539442777634
vt 0.421875 1
vt 0 0.8518141508102417
vt 0.375 1
vt 0.17955932021141052 0.65625
vt 0 0.8047539442777634
vt 0.34375 1
vt 0.1638725996017456 0.671875
vt 0.296875 1
vt 0.17955932021141052 0.71875
vt 0 0.8361274003982544
vt 0.28125 1
vt 0.1481858491897583 0.734375
vt 0 0.8204406797885895
vt 0.265625 1
vt 0.2413371503353119 0.53125
vt 0.390625 1
vt 0.2413371503353119 0.609375
vt 0 0.7733055204153061
vt 0.375 1
vt 0.0235527865588665 0.78125
vt 0 0.960599958896637
vt 0.21875 1
vt 0.05487022548913956 0.78125
vt 0 0.9292824640870094
vt 0.21875 1
vt 0.07071753591299057 0.75
vt 0 0.9134165942668915
vt 0.25 1
vt 0.08658340573310852 0.625
vt 0 0.9292824640870094
vt 0.375 1
vt 0.054870232939720154 0.625
vt 0 0.8986915200948715
vt 0.359375 1
vt 0.08658340573310852 0.640625
vt 0 0.8839664533734322
vt 0.34375 1
vt 0.10130847990512848 0.65625
vt 0 0.9451297670602798
vt 0.34375 1
vt 0.07071753591299057 0.65625
vt 0 0.9292824640870094
vt 0.3125 1
vt 0.08658340573310852 0.6875
vt 0 0.9134165942668915
vt 0.296875 1
vt 0.07071753591299057 0.703125
vt 0 0.8986915200948715
vt 0.28125 1
vt 0.11603354662656784 0.71875
vt 0 0.9292824640870094
vt 0.28125 1
vt 0.054870232939720154 0.71875
vt 0 0.9134165942668915
vt 0.265625 1
vt 0.10130847990512848 0.734375
vt 0 0.9451297670602798
vt 0.265625 1
vt 0.03940004110336304 0.734375
vt 0 0.9764472097158432
vt 0.265625 1
vt 0.0235527865588665 0.75
vt 0 0.9292824640870094
vt 0.234375 1
vt 0.0235527865588665 0.765625
vt 0 0.9451297670602798
vt 0.359375 1
vt 0.07071753591299057 0.671875
vt 0 0.4990233778953552
vt 0.7508223056793213 1
vt 0.5009766221046448 0.1265386939048767
vt 0 0.24902337789535522
vt 0.8734613060951233 1
vt 0.8740233778953552 0.1265386939048767
vt 0 0.2509766221046448
vt 0.998046875 1
vt 0.7490233778953552 0.12459200620651245
vt 0 0.3740233778953552
vt 0.998046875 1
vt 0.7509766221046448 0.12459200620651245
vt 0 0.12402337789535522
vt 0.8734613060951233 1
vt 0.9990233778953552 0.1265386939048767
vt 0 0.0009766221046447754
vt 0.7508223056793213 1
vt 0.7490233778953552 0.1265386939048767
vt 0 0.2509766221046448
vt 0.7508223056793213 1
vt 0.9836425185203552 0.1265386939048767
vt 0 0.03173828125
vt 0.8734613060951233 1
vt 0.952880859375 0.1265386939048767
vt 0 0.0625
vt 0.8734613060951233 1
vt 0.922119140625 0.1265386939048767
vt 0 0.09326171875
vt 0.8734613060951233 1
vt 0.8913574814796448 0.1265386939048767
vt 0 0.3586425185203552
vt 0.998046875 1
vt 0.65673828125 0.001953125
vt 0 0.327880859375
vt 0.998046875 1
vt 0.71826171875 0.001953125
vt 0 0.2663574814796448
vt 0.998046875 1
vt 0.922119140625 0.2491776943206787
vt 0 0.0625
vt 0.7508223056793213 1
vt 0.9836425185203552 0.2491776943206787
vt 0 0.14135748147964478
vt 0.998046875 1
vt 0.84326171875 0.001953125
vt 0 0.172119140625
vt 0.998046875 1
vt 0.8125 0.001953125
vt 0 0.202880859375
vt 0.672119140625 0.1265386939048767
vt 0 0.2663574814796448
vt 0.8754079937934875 1
vt 0.71826171875 0.12459200620651245
vt 0 1
vt 0.8754079937934875 1
vt 0.6875 0.12459200620651245
vt 0 0.327880859375
vt 0.8754079937934875 1
vt 0.702880859375 0.2491776943206787
vt 0 0.28173828125
vt 0.7508223056793213 1
vt 0.7336425185203552 0.2491776943206787
vt 0 0.23364251852035522
vt 0.8754079937934875 1
vt 0.78173828125 0.12459200620651245
vt 0 0.202880859375
vt 0.8754079937934875 1
vt 0.8125 0.12459200620651245
vt 0 0.172119140625
vt 0.8754079937934875 1
vt 0.5009766221046448 0.14186859130859375
vt 0 0.4990233778953552
vt 0.842801570892334 1
vt 0.5009766221046448 0.17252832651138306
vt 0 0.4990233778953552
vt 0.8121418356895447 1
vt 0.5009766221046448 0.20318806171417236
vt 0 0.4990233778953552
vt 0.7814821004867554 1
vt 0.5009766221046448 0.23384779691696167
vt 0 0.0009766221046447754
vt 0.8581314086914062 1
vt 0.9990233778953552 0.15719842910766602
vt 0 0.0009766221046447754
vt 0.8274716734886169 1
vt 0.9990233778953552 0.18785816431045532
vt 0 0.0009766221046447754
vt 0.7968119382858276 1
vt 0.9990233778953552 0.21851789951324463
vt 0 0.0009766221046447754
vt 0.7661522030830383 1
vt 0.7509766221046448 0.14186859130859375
vt 0 0.24902337789535522
vt 0.842801570892334 1
vt 0.7509766221046448 0.17252832651138306
vt 0 0.24902337789535522
vt 0.8121418356895447 1
vt 0.7509766221046448 0.20318806171417236
vt 0 0.24902337789535522
vt 0.7814821004867554 1
vt 0.7509766221046448 0.23384779691696167
vt 0 0.2509766221046448
vt 0.8581314086914062 1
vt 0.7490233778953552 0.15719842910766602
vt 0 0.2509766221046448
vt 0.8274716734886169 1
vt 0.7490233778953552 0.18785816431045532
vt 0 0.2509766221046448
vt 0.7968119382858276 1
vt 0.7490233778953552 0.21851789951324463
vt 0 0.2509766221046448
vt 0.7661522030830383 1
vt 0.8740233778953552 0.23384779691696167
vt 0 0.12597662210464478
vt 0.7814821004867554 1
vt 0.8740233778953552 0.20318806171417236
vt 0 0.12597662210464478
vt 0.8121418356895447 1
vt 0.8740233778953552 0.17252832651138306
vt 0 0.12597662210464478
vt 0.842801570892334 1
vt 0.8740233778953552 0.14186859130859375
vt 0 0.12402337789535522
vt 0.7661522030830383 1
vt 0.8759766221046448 0.21851789951324463
vt 0 0.12402337789535522
vt 0.7968119382858276 1
vt 0.8759766221046448 0.18785816431045532
vt 0 0.12402337789535522
vt 0.8274716734886169 1
vt 0.8759766221046448 0.15719842910766602
vt 0 0.12402337789535522
vt 0.8581314086914062 1
vt 0.8913574814796448 0.14186859130859375
vt 0 0.10864251852035522
vt 0.842801570892334 1
vt 0.8913574814796448 0.17252832651138306
vt 0 0.10864251852035522
vt 0.8121418356895447 1
vt 0.8913574814796448 0.20318806171417236
vt 0 0.10864251852035522
vt 0.7814821004867554 1
vt 0.8913574814796448 0.23384779691696167
vt 0 0.09326171875
vt 0.8581314086914062 1
vt 0.90673828125 0.15719842910766602
vt 0 0.09326171875
vt 0.8274716734886169 1
vt 0 1
vt 0 0.09326171875
vt 0.7968119382858276 1
vt 0.90673828125 0.21851789951324463
vt 0 1
vt 0.7661522030830383 1
vt 0.922119140625 0.14186859130859375
vt 0 0.077880859375
vt 0.842801570892334 1
vt 0.922119140625 0.17252832651138306
vt 0 0.077880859375
vt 0.8121418356895447 1
vt 0.922119140625 0.20318806171417236
vt 0 0.077880859375
vt 0.7814821004867554 1
vt 0.922119140625 0.23384779691696167
vt 0 0.0625
vt 0.8581314086914062 1
vt 0.9375 0.15719842910766602
vt 0 0.0625
vt 0.8274716734886169 1
vt 0 1
vt 0 0.0625
vt 0.7968119382858276 1
vt 0.9375 0.21851789951324463
vt 0 0.0625
vt 0.7661522030830383 1
vt 0.9836425185203552 0.23384779691696167
vt 0 0.016357481479644775
vt 0.7814821004867554 1
vt 0.9836425185203552 0.20318806171417236
vt 0 0.016357481479644775
vt 0.8121418356895447 1
vt 0.9836425185203552 0.17252832651138306
vt 0 0.016357481479644775
vt 0.842801570892334 1
vt 0.9836425185203552 0.14186859130859375
vt 0 0.03173828125
vt 0.7661522030830383 1
vt 0.96826171875 0.21851789951324463
vt 0 0.03173828125
vt 0.7968119382858276 1
vt 0.96826171875 0.18785816431045532
vt 0 0.03173828125
vt 0.8274716734886169 1
vt 0.96826171875 0.15719842910766602
vt 0 0.03173828125
vt 0.8581314086914062 1
vt 0.952880859375 0.23384779691696167
vt 0 0.047119140625
vt 0.7814821004867554 1
vt 0.952880859375 0.20318806171417236
vt 0 0.047119140625
vt 0.8121418356895447 1
vt 0.952880859375 0.17252832651138306
vt 0 0.047119140625
vt 0.842801570892334 1
vt 0.952880859375 0.14186859130859375
vt 0 0.34326171875
vt 0.7968119382858276 1
vt 0.65673828125 0.21851789951324463
vt 0 0.327880859375
vt 0.8581314086914062 1
vt 0 0.3125
vt 0.672119140625 0.15719842910766602
vt 0 0.327880859375
vt 0.7968119382858276 1
vt 0.7336425185203552 0.23384779691696167
vt 0 0.2663574814796448
vt 0.7814821004867554 1
vt 0.7336425185203552 0.20318806171417236
vt 0 0.2663574814796448
vt 0.8121418356895447 1
vt 0.7336425185203552 0.17252832651138306
vt 0.71826171875 0.21851789951324463
vt 0 0.28173828125
vt 0.7968119382858276 1
vt 0.71826171875 0.18785816431045532
vt 0 0.28173828125
vt 0 0.28173828125
vt 0.7661522030830383 1
vt 0 0.297119140625
vt 0.7814821004867554 1
vt 0.702880859375 0.20318806171417236
vt 0 0.297119140625
vt 0.8121418356895447 1
vt 0.702880859375 0.14186859130859375
vt 0 0.452880859375
vt 0.8734613060951233 1
vt 0.53173828125 0.1265386939048767
vt 0.702880859375 0.17252832651138306
vt 0 0.297119140625
vt 0.842801570892334 1
vt 0.8734613060951233 1
vt 0.6259766221046448 0.04794269800186157
vt 0 0.3740233778953552
vt 0.9673871397972107 1
vt 0.6259766221046448 0.017282962799072266
vt 0 0.4836425185203552
vt 0.7508223056793213 1
vt 0 0.24902337789535522
vt 0.9367274045944214 1
vt 0.7509766221046448 0.07860243320465088
vt 0 0.24902337789535522
vt 0.9060676693916321 1
vt 0.7509766221046448 0.10926216840744019
vt 0 0.14135748147964478
vt 0.78173828125 0.1265386939048767
vt 0 0.23364251852035522
vt 0.8734613060951233 1
vt 0.7490233778953552 0.017282962799072266
vt 0 0.2509766221046448
vt 0.9673871397972107 1
vt 0.7490233778953552 0.04794269800186157
vt 0.9213975667953491 1
vt 0.8740233778953552 0.06327259540557861
vt 0 0.12597662210464478
vt 0.9520573019981384 1
vt 0.8740233778953552 0.03261286020278931
vt 0 0.12597662210464478
vt 0.9827170372009277 1
vt 0.7336425185203552 0.10926216840744019
vt 0 0.2663574814796448
vt 0.9060676693916321 1
vt 0.7336425185203552 0.07860243320465088
vt 0 0.2663574814796448
vt 0.9367274045944214 1
vt 0.7336425185203552 0.04794269800186157
vt 0 0.2663574814796448
vt 0.9673871397972107 1
vt 0.7336425185203552 0.017282962799072266
vt 0 0.28173828125
vt 0.8907378315925598 1
vt 0.71826171875 0.09393233060836792
vt 0 0.28173828125
vt 0.9213975667953491 1
vt 0.71826171875 0.06327259540557861
vt 0 0.28173828125
vt 0.9520573019981384 1
vt 0.71826171875 0.03261286020278931
vt 0 0.28173828125
vt 0.9827170372009277 1
vt 0.702880859375 0.10926216840744019
vt 0 0.297119140625
vt 0.9060676693916321 1
vt 0.702880859375 0.07860243320465088
vt 0 0.297119140625
vt 0.9367274045944214 1
vt 0.702880859375 0.04794269800186157
vt 0 0.297119140625
vt 0.9673871397972107 1
vt 0.702880859375 0.017282962799072266
vt 0 0.3125
vt 0.8907378315925598 1
vt 0.6875 0.09393233060836792
vt 0 0.3125
vt 0.9213975667953491 1
vt 0.6875 0.06327259540557861
vt 0 0.3125
vt 0.9520573019981384 1
vt 0.6875 0.03261286020278931
vt 0 0.3125
vt 0.9827170372009277 1
vt 0 1
vt 0 0.3586425185203552
vt 0.9673871397972107 1
vt 0.6413574814796448 0.04794269800186157
vt 0 1
vt 0.9367274045944214 1
vt 0.65673828125 0.017282962799072266
vt 0 0.34326171875
vt 0.9673871397972107 1
vt 0.65673828125 0.04794269800186157
vt 0 0.34326171875
vt 0.9367274045944214 1
vt 0.672119140625 0.017282962799072266
vt 0 0.327880859375
vt 0.9673871397972107 1
vt 0.672119140625 0.04794269800186157
vt 0 0.327880859375
vt 0.9367274045944214 1
vt 0.672119140625 0.07860243320465088
vt 0 0.327880859375
vt 0.9060676693916321 1
vt 0.672119140625 0.10926216840744019
vt 0 0.14135748147964478
vt 0.9827170372009277 1
vt 0.8586425185203552 0.03261286020278931
vt 0 0.14135748147964478
vt 0.9520573019981384 1
vt 0.8586425185203552 0.06327259540557861
vt 0 0.14135748147964478
vt 0.9213975667953491 1
vt 0.8586425185203552 0.09393233060836792
vt 0 0.15673828125
vt 0.9827170372009277 1
vt 0.84326171875 0.03261286020278931
vt 0 0.15673828125
vt 0.9520573019981384 1
vt 0.84326171875 0.09393233060836792
vt 0 0.15673828125
vt 0.9213975667953491 1
vt 0.827880859375 0.017282962799072266
vt 0 0.172119140625
vt 0.9673871397972107 1
vt 0.827880859375 0.04794269800186157
vt 0 0.172119140625
vt 0.9060676693916321 1
vt 0.827880859375 0.10926216840744019
vt 0 0.1875
vt 0.9827170372009277 1
vt 0.8125 0.03261286020278931
vt 0 0.1875
vt 0.9520573019981384 1
vt 0.8125 0.06327259540557861
vt 0 0.1875
vt 0.7663574814796448 0.07860243320465088
vt 0 0.23364251852035522
vt 0.9367274045944214 1
vt 0.7663574814796448 0.04794269800186157
vt 0 0.23364251852035522
vt 0.9673871397972107 1
vt 0.78173828125 0.10926216840744019
vt 0 0.21826171875
vt 0.9060676693916321 1
vt 0.78173828125 0.07860243320465088
vt 0 0.21826171875
vt 0.9367274045944214 1
vt 0.78173828125 0.04794269800186157
vt 0 0.21826171875
vt 0.9673871397972107 1
vt 0.78173828125 0.017282962799072266
vt 0 0.202880859375
vt 0.8907378315925598 1
vt 0.797119140625 0.09393233060836792
vt 0 0.202880859375
vt 0.9213975667953491 1
vt 0.797119140625 0.06327259540557861
vt 0 0.202880859375
vt 0.9520573019981384 1
vt 0.797119140625 0.03261286020278931
vt 0 0.202880859375
vt 0.9827170372009277 1
vt 0.5163574814796448 0.23384779691696167
vt 0 0.46826171875
vt 0.7661522030830383 1
vt 0.547119140625 0.23384779691696167
vt 0 0.4375
vt 0.7661522030830383 1
vt 0.577880859375 0.23384779691696167
vt 0 0.4836425185203552
vt 0.7814821004867554 1
vt 0.53173828125 0.21851789951324463
vt 0 0.452880859375
vt 0.7814821004867554 1
vt 0.5625 0.21851789951324463
vt 0 0.4836425185203552
vt 0.7968119382858276 1
vt 0.53173828125 0.20318806171417236
vt 0 0.452880859375
vt 0.7968119382858276 1
vt 0.5163574814796448 0.18785816431045532
vt 0 0.46826171875
vt 0.8121418356895447 1
vt 0.547119140625 0.14186859130859375
vt 0 0.46826171875
vt 0.8581314086914062 1
vt 0.5163574814796448 0.14186859130859375
vt 0 0.452880859375
vt 0.842801570892334 1
vt 0.53173828125 0.15719842910766602
vt 0 0.4836425185203552
vt 0.842801570892334 1
vt 0.53173828125 0.17252832651138306
vt 0 0.4836425185203552
vt 0.8274716734886169 1
vt 0.7663574814796448 0.23384779691696167
vt 0 0.14135748147964478
vt 0.7661522030830383 1
vt 0.7663574814796448 0.21851789951324463
vt 0 0.21826171875
vt 0.7814821004867554 1
vt 0.797119140625 0.21851789951324463
vt 0 0.172119140625
vt 0.7814821004867554 1
vt 0.84326171875 0.21851789951324463
vt 0 0.14135748147964478
vt 0.7814821004867554 1
vt 0.7663574814796448 0.20318806171417236
vt 0 0.21826171875
vt 0.7968119382858276 1
vt 0.797119140625 0.20318806171417236
vt 0 0.1875
vt 0.7968119382858276 1
vt 0.827880859375 0.20318806171417236
vt 0 0.15673828125
vt 0.7968119382858276 1
vt 0.8586425185203552 0.20318806171417236
vt 0 0.23364251852035522
vt 0.8121418356895447 1
vt 0.78173828125 0.18785816431045532
vt 0 0.202880859375
vt 0.8121418356895447 1
vt 0.8125 0.18785816431045532
vt 0 0.172119140625
vt 0.8121418356895447 1
vt 0.84326171875 0.18785816431045532
vt 0 0.14135748147964478
vt 0.8121418356895447 1
vt 0.8586425185203552 0.14186859130859375
vt 0 0.15673828125
vt 0.8581314086914062 1
vt 0.827880859375 0.14186859130859375
vt 0 0.1875
vt 0.8581314086914062 1
vt 0.797119140625 0.14186859130859375
vt 0 0.21826171875
vt 0.8581314086914062 1
vt 0.7663574814796448 0.14186859130859375
vt 0 0.14135748147964478
vt 0.842801570892334 1
vt 0.84326171875 0.15719842910766602
vt 0 1
vt 0.842801570892334 1
vt 0.8125 0.15719842910766602
vt 0 0.202880859375
vt 0.842801570892334 1
vt 0.78173828125 0.15719842910766602
vt 0 0.23364251852035522
vt 0.842801570892334 1
vt 0.8586425185203552 0.17252832651138306
vt 0 0.15673828125
vt 0.8274716734886169 1
vt 0.827880859375 0.17252832651138306
vt 0 1
vt 0.8274716734886169 1
vt 0.797119140625 0.17252832651138306
vt 0 0.21826171875
vt 0 1
vt 0.7663574814796448 0.17252832651138306
vt 0 0.4990233778953552
vt 0.7508223056793213 1
vt 0.5009766221046448 0.1265386939048767
vt 0 0.24902337789535522
vt 0.8734613060951233 1
vt 0.8740233778953552 0.1265386939048767
vt 0 0.2509766221046448
vt 0.998046875 1
vt 0.7490233778953552 0.12459200620651245
vt 0 0.3740233778953552
vt 0.998046875 1
vt 0.7509766221046448 0.12459200620651245
vt 0 0.12402337789535522
vt 0.8734613060951233 1
vt 0.9990233778953552 0.1265386939048767
vt 0 0.0009766221046447754
vt 0.7508223056793213 1
vt 0.7490233778953552 0.1265386939048767
vt 0 0.2509766221046448
vt 0.7508223056793213 1
vt 0.9836425185203552 0.1265386939048767
vt 0 0.03173828125
vt 0.8734613060951233 1
vt 0.952880859375 0.1265386939048767
vt 0 0.0625
vt 0.8734613060951233 1
vt 0.922119140625 0.1265386939048767
vt 0 0.09326171875
vt 0.8734613060951233 1
vt 0.8913574814796448 0.1265386939048767
vt 0 0.3586425185203552
vt 0.998046875 1
vt 0.65673828125 0.001953125
vt 0 0.327880859375
vt 0.998046875 1
vt 0.6875 0.001953125
vt 0.6885295510292053 1
vt 0 0.5615234076976776
vt 0 0.4384766221046448
vt 0 0.7890407145023346
vt 0 0.4836425185203552
vt 0.0634765625 0.49834883213043213
vt 0.922119140625 0.2491776943206787
vt 0.9836425185203552 0.2491776943206787
vt 0.7508223056793213 1
vt 0 0.03173828125
vt 0.998046875 1
vt 0 0.28173828125
vt 0.8734613060951233 1
vt 0.7336425185203552 0.1265386939048767
vt 0.6875 0.12459200620651245
vt 0.702880859375 0.2491776943206787
vt 0.8754079937934875 1
vt 0 0.327880859375
vt 0.5009766221046448 0.14186859130859375
vt 0 0.23364251852035522
vt 0.8754079937934875 1
vt 0.8125 0.12459200620651245
vn -1.2563605470131973e-7 0.5547000724309505 -0.8320503768673398
vn -1.543506417614897e-7 -0.1640649872841232 -0.9864495323874591
vn 0.9999961421163044 0.0027777243395973555 -3.170359447808563e-8
vn 0.8320302755069597 0.5546868904785002 0.006933554002461534
vn -0.8325785475906267 0.553896134483857 -0.0034690482446201013
vn 1.9411756647374985e-23 1 -2.2204460492503047e-16
vn 2.6454529590185876e-8 -0.16439892447883783 0.9863939343032277
vn -1.5149346322995886e-7 -3.3181374314849186e-10 -0.9999999999999886
vn 0.4472134457810673 -1.777066625641736e-8 0.8944272658593453
vn 0.44232605545961196 0.14744192505681508 0.8846516486149115
vn 0.85714295178155 0.28571420543047743 -0.4285712928165424
vn -0.4423259699399063 0.1474421349688288 -0.8846516563894258
vn 0.8571429437509022 -0.28571435687491725 0.42857120791484626
vn 0.4423258774524272 -0.14744190853596856 -0.8846517403720016
vn -0.8571429546987038 -0.285714181710252 -0.42857130279571537
vn -0.44232594483158877 -0.14744197073212006 0.8846516963163925
vn -0.8571428848783914 0.2857142327999586 0.4285714083765733
vn -0.8591666014369714 -0.28877536007031623 -0.422423416007569
vn 0.8539296189953677 0.2870154386810795 -0.4340810336344281
vn 0.4423263495955164 0.1474418045517495 0.8846515216309915
vn 0.4394567899150521 -0.1464858390334319 -0.8862390359041004
vn -0.9999999999999987 3.9777816596142365e-8 3.1869344619190735e-8
vn -0.4423252218012182 -0.1474420873498545 0.8846520383949957
vn -0.8545091614673638 0.2848365334433977 0.4343756924417973
vn 0.8571427722354968 -0.28571424009848295 0.4285716287966267
vn -0.4082483171407808 -0.408248275562701 0.8164965750398475
vn 0.40824825881989235 0.40824833020029155 0.8164965768814954
vn 0.40824820289853775 -0.40824836993671704 -0.816496584973953
vn -0.4082483631280231 0.40824828549680375 -0.8164965470791717
vn 0.6666666640166962 -0.6666666931576158 0.3333332856513718
vn -0.666666657393957 -0.6666666865348793 -0.33333331214232614
vn 0.6666666560711633 0.6666666865348803 -0.3333333147879116
vn -0.6666665964665136 0.6666667461395205 0.33333331478791406
vn -0.40524860390791995 -0.30086750213730706 0.8632799749723952
vn -0.7015978126658303 -0.5038653148445955 0.5038653131136127
vn -0.7015977915948581 -0.5038649420841975 0.503865715213594
vn -0.6710170430398055 -0.7065805918522288 -0.22467753596625975
vn -0.6737848025383116 0.7007977854656183 0.2343000293531641
vn -0.877581464239613 0.45804309816391714 -0.14158846650577442
vn -0.9999999999999893 -1.1353341733410995e-7 -9.048784331799113e-8
vn -0.9999999999995579 -1.2623007705765266e-7 -9.316977303990111e-7
vn -0.9999999999999338 -1.385222248018125e-7 -3.364123876022699e-7
vn -0.9999999999997778 -1.9455749011848395e-8 6.663994548518441e-7
vn -0.9999999999999215 -1.9969903064519585e-7 -3.423563902257026e-7
vn -0.7137332760078368 -0.4952703442978964 -0.49526972124102664
vn -0.6741333192539192 0.7000486828740766 0.23553366952086466
vn -0.8778593371019031 0.4546823482076429 -0.15042255978207184
vn -0.999999999999975 -1.4189336638992052e-7 -1.7284575536368312e-7
vn -0.9999999999999994 -2.803613696755733e-8 -2.51806030437261e-9
vn -0.999999999999941 2.755776584706286e-8 -3.422169817409532e-7
vn -0.8776617147495084 -0.45511081638175294 0.1502799363697201
vn -0.6740315936711356 -0.7002677310768217 -0.23517337337732228
vn -0.41576892492198464 0.2862354743460664 -0.8632528333548054
vn -0.7137329214686368 -0.495270465650487 -0.49527011081448735
vn -0.6739079115818594 -0.7005330287622714 -0.23473730491878644
vn -0.6740315343091559 0.7002677505340874 0.2351734855777201
vn -0.877631930742433 0.45497610212811673 -0.1508606662905039
vn -0.6739084935336354 0.7005323181501811 0.23473775488906656
vn -0.999999999999931 -1.4231986256162906e-7 -3.42857607071511e-7
vn -0.8773762513142801 0.45541993102391 -0.1510086092111245
vn -0.6739081957642519 0.7005329740652444 0.2347366522916145
vn -0.9999999999996361 -3.008308979700859e-8 -8.52754329249656e-7
vn -0.9999999999999816 -1.7015165099109914e-7 -8.775850109354035e-8
vn -0.8773760255756812 0.455420444245194 -0.15100837297491695
vn -0.6739083112156647 0.7005323741123238 0.23473811129640237
vn -0.9999999999999815 8.469243084618875e-8 -1.7240283854934825e-7
vn -0.9999999999999394 -8.423683084401198e-8 3.3778909992485275e-7
vn -0.9999999999999523 -1.7048711242750377e-7 -2.5791007717233656e-7
vn -0.8773594366495293 0.45534682274667615 -0.15132643502219878
vn -0.8773928467175653 -0.45549324418540105 0.15069073306048217
vn -0.9999999999999848 2.8190955347895264e-8 -1.7244273552396174e-7
vn -0.9999999999995581 -5.839409666916878e-8 -9.382925333249839e-7
vn -0.999999999999952 -1.706789873878684e-7 -2.5810205160868417e-7
vn -0.6739085873906808 -0.7005319768328617 -0.23473850403319035
vn -0.8773762727661133 -0.45542040529103994 0.1510070542444541
vn -0.9999999999999408 2.7855598716540887e-8 -3.425944504638983e-7
vn -0.9999999999998175 -1.1233155561282767e-7 5.933914729696363e-7
vn -0.6739085062409876 -0.7005323120644525 -0.23473773656929
vn -0.87737615544628 -0.4554199592368724 0.15100908112756184
vn -0.9999999999999994 -2.8214756753186382e-8 -2.3310454563205523e-9
vn -0.6739080394104833 -0.7005326800943318 -0.23473797847338404
vn -0.8771200811068683 -0.4558646032373258 0.15115497621433513
vn -0.4157671223951271 -0.28623786781938954 0.8632529078789628
vn -0.9156625500765753 0.12770697330457725 0.38112074642644045
vn -0.4157675559954192 -0.2862373221284993 0.8632528799849449
vn -0.9158120493106615 0.12759906060326057 0.3807975447276046
vn -0.9999999999999329 -1.4116933755302335e-7 3.379396497197034e-7
vn -0.715111524076577 -0.49427535217680985 0.49427460420637226
vn -0.9999999999998958 -4.2487613427505736e-7 1.669662418438547e-7
vn -0.9159122941222952 -0.12726972958984867 -0.3806666329030706
vn -0.7137337885231214 0.495269754279524 0.4952695726736421
vn -0.7137339102143235 0.4952697858040915 0.49526936577961445
vn -0.6685741737423693 0.7114620809541579 0.21640305351146846
vn -0.9999999999999305 -1.4302864315140437e-7 -3.4411401715859124e-7
vn -0.9999999999999302 -1.4262289482757592e-7 -3.453868834154317e-7
vn -0.8667238810710455 0.47363451105246734 -0.15639713527182703
vn -0.9999999999999651 -5.682678150264931e-8 -2.5791242196336795e-7
vn -0.9999999999999962 -8.650587091096829e-8 -9.167883004909986e-10
vn -0.9999999999999811 -8.626557956858897e-8 -1.736883737831674e-7
vn -0.881404716026661 -0.44604909649837865 0.15545394841862703
vn -0.999999999999985 -2.5209523357716455e-8 -1.703029218643655e-7
vn -0.9999999999998638 -2.4748116445036916e-8 -5.21395538177369e-7
vn -0.6759909690754629 -0.6959765465990779 -0.242183517838102
vn -0.8670601003603625 -0.47470368152269005 0.1512058104435226
vn -0.9999999999999769 -1.3675705190507703e-7 -1.6571876303405217e-7
vn -0.6685737144759956 -0.7114622553022057 -0.21640389920717468
vn -0.8771126546076147 -0.45162332742281924 0.16343121260861992
vn -0.6741330892992022 -0.7000489109510398 -0.23553364980014402
vn -0.4185656616554048 0.282301566175169 -0.8631967403888989
vn -0.7137333263186985 -0.49526989081399087 -0.4952701022221549
vn -0.7137336808577129 -0.49526959064736015 -0.49526989146252065
vn -0.6746467173928408 -0.6989371807163183 -0.23735758703565632
vn -0.7186599455656172 0.4916944446070747 -0.4916954909109544
vn -0.9999999999999009 -1.152709430129942e-7 -4.2952079924959095e-7
vn -0.9999999999999961 -6.84127421379799e-10 -8.810703310235092e-8
vn -0.7186599212404753 -0.49169525536819897 0.49169471570379436
vn -0.7186598247387209 0.4916946521165876 -0.4916954600018787
vn -0.9999999999999752 -1.4132739067917822e-7 -1.7204333234676196e-7
vn -0.9999999999999754 -1.4064298170523938e-7 -1.7135906548137027e-7
vn -0.8790171458730912 -0.4532413278981532 0.14799039139837192
vn -0.6747300925210696 -0.698754897549642 -0.2376570962477203
vn -0.4188870373278907 -0.28184560096898303 0.8631898442249512
vn -0.7137328255273317 0.49527055247389956 0.4952701622518457
vn -0.6746459623185004 0.6989379926846059 0.23735734222761773
vn -0.6774189062420773 0.6927488415548557 0.24739172983386704
vn -0.3983955524606393 -0.310244558899286 0.8631507964735765
vn -0.9204548719321012 0.11460938049800914 0.3736676580041706
vn -0.9999999999999061 -1.0904282987665625e-7 4.195233139883724e-7
vn -0.7186607808230402 0.49169405771898744 -0.4916946569881101
vn -0.8842879453967695 0.43941909364373977 -0.15794204559671385
vn -0.9138386357101089 0.11907467689022354 0.38822695579644595
vn -0.9999999999998179 -6.796604168355954e-8 5.993038706521853e-7
vn -0.91621208517705 -0.12884765537612156 -0.37941230433342343
vn -0.4185651694198212 0.2823020229247177 -0.8631968296982842
vn -0.9999999999999303 -1.012368855413073e-7 -3.5932659502266757e-7
vn -0.9999999999999032 4.293650945896259e-8 4.3793074778780683e-7
vn -0.9999999999999994 -3.069860099458295e-8 -2.014626565231868e-9
vn -0.7190676478075638 0.49139693243421617 -0.4913967568785327
vn -0.999999999999863 -7.756104736243649e-8 5.176824055099977e-7
vn -0.9999999999999815 -8.524349226490752e-8 -1.726662296360671e-7
vn -0.9094295709948643 -0.13390682573470994 -0.393709051739671
vn -0.4188872691852293 0.281845061399849 -0.8631899078876308
vn -0.999999999999967 1.6979514461112279e-9 -2.563912636529437e-7
vn -0.9999999999994458 -5.9195723878219626e-8 -0.0000010511482634192869
vn -0.8677200913458115 0.4725031135395883 -0.15428107716182105
vn -0.6747306073677874 0.6987542382286193 0.23765757307234878
vn -0.9237793681422054 -0.11228581179316985 -0.36609230456913
vn -0.8666942102352863 -0.4694372028281767 0.16873013526187527
vn -0.9999999999999017 -1.256902208979051e-7 4.2547396729181333e-7
vn -0.8791824013086831 0.4528814934335182 -0.14811029044102197
vn -0.6746456795564612 0.6989384257278541 0.23735687075976908
vn -0.42950741104681467 0.2667025579139787 -0.862782202793963
vn -0.6690310013314278 -0.710563477035865 -0.21793821225331017
vn -0.8784472994428241 -0.449674214325739 0.16162748241601313
vn -0.9999999999999075 -5.888744070147937e-8 -4.26305763900536e-7
vn -0.8787803334286898 0.4521339740038895 -0.15270885740654128
vn -0.7137327541466832 0.4952708125232503 0.4952700050686997
vn -0.6746453385986839 0.698938919835424 0.2373563848864353
vn 0.8773080252839743 0.14543065339355132 0.4573626065015132
vn 0.8940011720936611 -0.3168296863217795 0.3168293770476516
vn 0.894001217825386 -0.31682902575420796 0.31682990857298554
vn 0.9127293745750718 -0.3858054892452841 0.13445896495215592
vn 0.41984124522715144 0.8612810770124888 -0.2862310870368942
vn -0.13238425568813453 0.9334604201853748 0.33335574510309895
vn 0.9926865148941864 -0.08536276198449137 -0.08536206425346955
vn 0.41661551659029156 0.8632380480819332 -0.28504663421955795
vn 0.0006379094518986001 0.9479695631232914 0.31836033117109197
vn 0.8770211647087985 -0.45536867688325 -0.15320980636506545
vn 0.9163182291833216 -0.3801856944971747 0.1257765501436683
vn 0.9926662747750319 -0.03840767298003126 -0.11462337274971415
vn 0.9936502948963353 -0.07955831055088423 -0.07955857386049113
vn 0.9768797327923141 -0.202925001341334 0.0672861909327378
vn 0.41671281409206234 0.8630355563482915 -0.28551717820486605
vn 0.0021778470199582145 0.948181452797719 0.31772187452670675
vn 0.41740778507416165 0.8625401444198275 -0.28599867171668064
vn 0.0021819147934193173 0.9481822229092614 0.317719548354655
vn 0.41741311802142267 0.8625368031113414 -0.28600096535169395
vn 0.002181227493994319 0.9481815745623364 0.31772148795306226
vn 0.41740653031306696 0.8625404361123273 -0.28599962329199474
vn 0.006038276255510105 0.9483813082601782 0.31707480720261466
vn 0.8768942074337347 -0.4556736443850931 -0.15302966634600612
vn 0.9160202963599442 -0.3807468602722026 0.12624834671986693
vn 0.8766554094670412 -0.45618900464372014 -0.1528623076312354
vn 0.9160198526623481 -0.3807477681164681 0.12624882812437557
vn 0.8766552349122827 -0.4561893048833054 -0.15286241268204992
vn 0.9160199391606002 -0.38074769491532207 0.12624842128469946
vn 0.8766539270338837 -0.4561921974902968 -0.1528612807909327
vn -0.9879648897207332 0.04914429825373676 0.1466636104432434
vn -0.9895400806272371 -0.04540233815787624 0.13692719423854044
vn -0.9879648874709063 0.049144655769695025 0.1466635058011284
vn -0.9895400437000651 -0.045402708992599974 0.13692733814036728
vn -0.8987118749138547 -0.3100945906854175 0.31009403528037666
vn 0.9918137720244078 0.040270875431020606 -0.1211763104519008
vn 0.5576402662809808 0.5869571603339959 0.58695708987517
vn 0.5682711082975309 0.5818368186633399 0.5818366299246033
vn 0.3968567244084114 0.8631055391817667 -0.3123356664320904
vn 0.9999134115469608 0.012472314977907913 0.004196518510634926
vn 0.8773078344912864 -0.4573628549861842 -0.14543102289090984
vn 0.9167938629946343 -0.3805230221477888 0.12120743537790653
vn 0.8732154597528103 -0.4602643595908985 -0.16016079463797617
vn 0.9076011211013645 -0.3947798081119973 0.14286044967940253
vn 0.8739390111016406 -0.46500078961998176 -0.14143857510410557
vn 0.9165226201409786 -0.3798117376894201 0.12541662841608495
vn 0.9969205839548612 -0.025215755941479297 -0.074253046667448
vn 0.9952573554209193 -0.06878535254488541 -0.0687849675135054
vn 0.9951811612312146 -0.06933427684862382 -0.06933407808841004
vn 0.9217513073474516 -0.3685716678728987 0.12053818085840408
vn 0.9936512528551573 0.07955287197027898 -0.07955204749506387
vn -0.9893020618180712 -0.1031539826920656 0.10315370248943137
vn 0.993651326050271 0.07955194918636425 -0.07955205603369661
vn 0.8229479323964385 -0.5378583054237668 -0.18293480765316594
vn 0.8872297257421132 -0.43854263308254143 0.14319138496643594
vn -0.9877201222916632 0.0503074403561395 0.14791254667862114
vn -0.9593061488695473 0.19966469924517358 0.1996640193335095
vn 0.9374412478702019 0.3308974236766282 -0.10821645806312795
vn 0.3199138347715652 0.905186311860323 -0.27980864736897937
vn -0.9884869390653238 0.044366772355705464 0.1446553172476001
vn -0.9891690624955097 -0.049648180063714104 0.13812901222449728
vn 0.9911595050255587 0.09381591510976336 -0.09381582845984443
vn 0.2258592022340603 0.9313378433435487 0.2856526602753442
vn -0.9891690509407605 -0.04964804164802186 0.1381291447214213
vn 0.9918037531194801 0.03971618695176277 -0.121441095977127
vn 0.9925633668314522 -0.039143312322747065 -0.11526388820708756
vn 0.9893019799537122 0.10315482228665797 -0.10315364801437138
vn 0.9926910925797039 0.037459007750657386 -0.11472234939736078
vn 0.9933190220026644 -0.03715916640245017 -0.10925436778429101
vn -0.4712884680535526 0.8350043903738315 0.2839979717113518
vn -0.07774593145405048 0.9477315465174052 -0.3094519120607751
vn 0.9923577644508217 0.041736857088524974 -0.11612106654065801
vn 0.7454645706442501 -0.6372449314161006 -0.1954519667301236
vn -0.46757799199257627 0.8370050246940646 0.28424181613738475
vn -0.0723956640046439 0.9479685598899438 -0.3100233495940473
vn 0.9933305751206419 -0.03877747538185394 -0.10858487893580804
vn 0.8343640335543657 -0.5187233644587623 0.18644766202736773
vn 0.7454598032842475 -0.6372507139313054 -0.19545129644351947
vn -0.37636821161810385 0.8800896803315722 0.2894635104072037
vn -0.9925010103268445 0.08643425847267072 0.08643415680431261
vn 0.35304342987569837 0.8892587950083047 -0.29082491661131893
vn 0.7071071366017383 1.5700915322411997e-16 0.7071064257711782
vn 0.6666669395216769 -0.3333334392971034 0.6666663408296274
vn 8.742278000372472e-8 -2.2204460492503126e-16 -0.999999999999996
vn -0.666666608384811 -0.3333333333333335 -0.6666667249485174
vn -0.40824821191179894 -0.8164963524431 0.4082488259847565
vn 1.9411756647374985e-23 1 -2.2204460492503047e-16
vn 3.3779735311493533e-7 -0.7071067513841687 0.7071068109888444
vn 1.3799004975856613e-7 -0.7071066917795626 0.7071068705935075
vn -6.181723536000942e-8 -0.7071068407911907 0.7071067215818967
vn -6.181725099242027e-8 -0.7071066619772458 0.7071069003958266
vn 3.377971645845791e-7 -0.7071068705934502 0.7071066917795529
vn 1.379900047583075e-7 -0.707106989802754 0.707106572570266
vn -6.181724838701841e-8 -0.707106691779577 0.7071068705935043
vn 1.9411756647374985e-23 1 -2.2204460492503047e-16
vn 1.9411756647374985e-23 1 -2.2204460492503047e-16
vn -4.8493412780235104e-8 0.8320504502268834 0.5546999623915964
vn -6.181720670058066e-8 0.7071071686166228 0.7071063937562573
vn -7.274012979237308e-8 0.5547005400981243 0.8320500650891409
vn 4.777175598549685e-7 2.2204460492499583e-16 0.9999999999998859
vn 1.9514747519078056e-7 2.2204460492502246e-16 0.999999999999981
vn 6.181724057081345e-8 -0.7071067811865477 -0.7071067811865448
vn 6.181724057081345e-8 -0.7071067811865477 -0.7071067811865448
vn 6.181724057081345e-8 -0.7071067811865477 -0.7071067811865448
vn -0.0000015366420671135884 -0.7071069301972367 -0.7071066321741571
vn -0.000001477336052022771 -0.8944271909988877 -0.4472135954995744
vn 1.9411756647374985e-23 1 -2.2204460492503047e-16
vn 1.9411756647374985e-23 1 -2.2204460492503047e-16
vn 1.9411756647374985e-23 1 -2.2204460492503047e-16
vn 1.9411756647374985e-23 1 -2.2204460492503047e-16
vn 8.742278000372472e-8 -2.2204460492503126e-16 -0.999999999999996
vn 8.742278000372472e-8 -2.2204460492503126e-16 -0.999999999999996
vn 8.742278000372472e-8 -2.2204460492503126e-16 -0.999999999999996
vn 0.7071071366017383 1.5700915322411997e-16 0.7071064257711782
vn 0.7071072558109599 1.5700912675432208e-16 0.7071063065618167
vn 0.7071072558109599 1.5700912675432208e-16 0.7071063065618167
vn 0.707107196206348 -9.990370996980635e-8 0.7071063661664964
vn 0.7071071664040257 -4.995184924837335e-8 0.7071063959688576
vn 0.7071071664040267 1.570091466066751e-16 0.7071063959688585
vn 0.7071071366017383 1.5700915322411997e-16 0.7071064257711782
vn -0.7071067193693042 -1.5700924586837752e-16 -0.7071068430037855
vn -0.7071067193693042 -1.5700924586837752e-16 -0.7071068430037855
vn -0.7071067193693042 -1.5700924586837752e-16 -0.7071068430037855
vn -0.7071067193693042 -1.5700924586837752e-16 -0.7071068430037855
vn -0.7071067193693042 -1.5700924586837752e-16 -0.7071068430037855
vn -0.7071067193693042 -1.5700924586837752e-16 -0.7071068430037855
vn -0.3162278261314518 -2.1064999752668794e-16 -0.948683278012307
vn -0.707106276759497 1.570093715997771e-16 0.7071072856132382
vn -0.707106276759497 1.570093715997771e-16 0.7071072856132382
vn -0.707106276759497 1.570093715997771e-16 0.7071072856132382
vn -0.707106276759497 1.570093715997771e-16 0.7071072856132382
vn -0.707106276759497 1.570093715997771e-16 0.7071072856132382
vn -0.707106276759497 1.570093715997771e-16 0.7071072856132382
vn -0.707106276759497 1.570093715997771e-16 0.7071072856132382
vn -8.742278000372472e-8 2.2204460492503126e-16 0.999999999999996
vn -8.742278000372472e-8 2.2204460492503126e-16 0.999999999999996
vn -8.742278000372472e-8 2.2204460492503126e-16 0.999999999999996
vn -8.742278000372472e-8 2.2204460492503126e-16 0.999999999999996
vn -8.742278000372472e-8 2.2204460492503126e-16 0.999999999999996
vn -8.742278000372472e-8 2.2204460492503126e-16 0.999999999999996
vn -8.742278000372472e-8 2.2204460492503126e-16 0.999999999999996
vn 3.3643247489032224e-7 2.2204460492501136e-16 0.9999999999999435
vn 3.3643247489032224e-7 2.2204460492501136e-16 0.9999999999999435
vn 3.3643247489032224e-7 2.2204460492501136e-16 0.9999999999999435
vn 3.3643247489032224e-7 2.2204460492501136e-16 0.9999999999999435
vn 3.3643247489032224e-7 2.2204460492501136e-16 0.9999999999999435
vn 3.3643247489032224e-7 2.2204460492501136e-16 0.9999999999999435
vn 4.777175598549685e-7 2.2204460492499583e-16 0.9999999999998859
vn 3.364323043600657e-7 2.2204460492501136e-16 0.9999999999999435
vn 3.364323043600657e-7 2.2204460492501136e-16 0.9999999999999435
vn 3.364323043600657e-7 2.2204460492501136e-16 0.9999999999999435
vn 3.364323043600657e-7 2.2204460492501136e-16 0.9999999999999435
vn 3.364323043600657e-7 2.2204460492501136e-16 0.9999999999999435
vn 3.364323043600657e-7 2.2204460492501136e-16 0.9999999999999435
vn 1.2450476217818278e-7 2.2204460492502628e-16 0.9999999999999921
vn -8.742278000372472e-8 2.2204460492503126e-16 0.999999999999996
vn -8.742278000372472e-8 2.2204460492503126e-16 0.999999999999996
vn -8.742278000372472e-8 2.2204460492503126e-16 0.999999999999996
vn -8.742278000372472e-8 2.2204460492503126e-16 0.999999999999996
vn -8.742278000372472e-8 2.2204460492503126e-16 0.999999999999996
vn -8.742278000372472e-8 2.2204460492503126e-16 0.999999999999996
vn -8.742278000372472e-8 2.2204460492503126e-16 0.999999999999996
vn 3.3643250331203167e-7 2.2204460492501136e-16 0.9999999999999435
vn 3.3643256015545053e-7 2.2204460492501136e-16 0.9999999999999435
vn 3.3643258857715996e-7 2.2204460492501136e-16 0.9999999999999435
vn 3.364326454205788e-7 2.2204460492501136e-16 0.9999999999999435
vn 3.3643261699886944e-7 2.2204460492501136e-16 0.9999999999999435
vn 3.3643258857715996e-7 -5.966239194311e-14 0.9999999999999435
vn 3.3643253173374115e-7 -1.1954681493861787e-13 0.9999999999999435
vn 3.3643250331203167e-7 2.2204460492501136e-16 0.9999999999999435
vn 3.3643247489032224e-7 2.2204460492501136e-16 0.9999999999999435
vn 3.3643247489032224e-7 2.2204460492501136e-16 0.9999999999999435
vn 3.3643247489032224e-7 2.2204460492501136e-16 0.9999999999999435
vn 3.3643247489032224e-7 2.2204460492501136e-16 0.9999999999999435
vn 3.3643247489032224e-7 -1.1954680138609074e-13 0.9999999999999435
vn 3.3643247489032224e-7 -5.966237839058285e-14 0.9999999999999435
vn -8.742278000372472e-8 2.2204460492503126e-16 0.999999999999996
vn -8.742278000372472e-8 2.2204460492503126e-16 0.999999999999996
vn -8.742278000372472e-8 2.2204460492503126e-16 0.999999999999996
vn -8.742278000372472e-8 2.2204460492503126e-16 0.999999999999996
vn -8.742278000372472e-8 2.2204460492503126e-16 0.999999999999996
vn -8.742278000372472e-8 2.2204460492503126e-16 0.999999999999996
vn -8.742278000372472e-8 2.2204460492503126e-16 0.999999999999996
vn 8.742278000372472e-8 -2.2204460492503126e-16 -0.999999999999996
vn 8.742278000372472e-8 -2.2204460492503126e-16 -0.999999999999996
vn -0.000003303423806603411 4.788539898777315e-13 -0.9999999999945437
vn -0.000003303422669735034 7.18391817383679e-13 -0.9999999999945437
vn -0.000003303422214987683 -2.2204460492375478e-16 -0.9999999999945437
vn -0.000003303422214987683 -2.2204460492375478e-16 -0.9999999999945437
vn -0.0000019470834439279883 -2.2204460492457175e-16 -0.9999999999981044
vn -0.0000021731397162941784 -2.2204460492446394e-16 -0.9999999999976387
vn -0.0000016079990353781372 2.393157829020556e-13 -0.9999999999987073
vn -7.60287900314413e-7 -2.2204460492495149e-16 -0.9999999999997109
vn -0.0000012689143994540358 -2.2204460492482704e-16 -0.9999999999991948
vn -0.0000016079989216912995 -2.220446049247122e-16 -0.9999999999987073
vn -0.0000016079989216912995 -2.220446049247122e-16 -0.9999999999987073
vn -7.60287900314413e-7 -2.2204460492495149e-16 -0.9999999999997109
vn 8.742278000372472e-8 -2.2204460492503126e-16 -0.999999999999996
vn 8.742278000372472e-8 -2.2204460492503126e-16 -0.999999999999996
vn 8.742278000372472e-8 -2.2204460492503126e-16 -0.999999999999996
vn 8.742278000372472e-8 -2.2204460492503126e-16 -0.999999999999996
vn 8.742278000372472e-8 -2.2204460492503126e-16 -0.999999999999996
vn 8.742278000372472e-8 -2.2204460492503126e-16 -0.999999999999996
vn 8.742278000372472e-8 -2.2204460492503126e-16 -0.999999999999996
vn 8.742278000372472e-8 -2.2204460492503126e-16 -0.999999999999996
vn 8.742278000372472e-8 -2.2204460492503126e-16 -0.999999999999996
vn 8.742278000372472e-8 -2.2204460492503126e-16 -0.999999999999996
vn 8.742278000372472e-8 -2.2204460492503126e-16 -0.999999999999996
vn 8.742278000372472e-8 -2.2204460492503126e-16 -0.999999999999996
vn 8.742278000372472e-8 -2.2204460492503126e-16 -0.999999999999996
vn 8.742278000372472e-8 -2.2204460492503126e-16 -0.999999999999996
vn 8.742278000372472e-8 -2.2204460492503126e-16 -0.999999999999996
vn 8.742278000372472e-8 -2.2204460492503126e-16 -0.999999999999996
vn 8.742278000372472e-8 -2.2204460492503126e-16 -0.999999999999996
vn 8.742278000372472e-8 -2.2204460492503126e-16 -0.999999999999996
vn 8.742278000372472e-8 -2.2204460492503126e-16 -0.999999999999996
vn 8.742278000372472e-8 -2.2204460492503126e-16 -0.999999999999996
vn 8.742278000372472e-8 -2.2204460492503126e-16 -0.999999999999996
vn 8.742278000372472e-8 -2.2204460492503126e-16 -0.999999999999996
vn 0.44721352397438213 -0.8944272267626994 3.909664971970577e-8
vn 0.7071067215819017 -0.7071068407911828 -8.803821953911138e-8
vn 0.707106751384217 -0.7071068109888367 -2.3789360251454383e-7
vn 0.9999999999999921 -4.7057357910183436e-23 -1.2450471954561863e-7
vn 0.9999999999999435 -9.411477261834572e-23 -3.3643247489032224e-7
vn 0.8320502576580612 0.5547002512448986 1.396199837318583e-8
vn 0.7071061553375186 0.7071074070350215 -3.808637100185991e-8
vn 0.5546999623915966 0.8320504502268833 4.84934125954828e-8
vn 1.9411756647374985e-23 1 -2.2204460492503047e-16
vn 1.9411756647374985e-23 1 -2.2204460492503047e-16
vn -0.7071066619772216 -0.7071069003957726 3.377974968282854e-7
vn -0.7071067811865449 -0.7071067811865476 -6.181724041380422e-8
vn -0.7071067811865449 -0.7071067811865476 -6.181724041380422e-8
vn -0.7071067811865449 -0.7071067811865476 -6.181724041380422e-8
vn -0.7071067811865449 -0.7071067811865476 -6.181724041380422e-8
vn -0.7071066619772433 -0.7071069003958291 -6.181722999219565e-8
vn -0.7071068705935042 -0.7071066917795771 -6.181724823000918e-8
vn 1.9411756647374985e-23 1 -2.2204460492503047e-16
vn 1.9411756647374985e-23 1 -2.2204460492503047e-16
vn 1.9411756647374985e-23 1 -2.2204460492503047e-16
vn 1.9411756647374985e-23 1 -2.2204460492503047e-16
vn 1.9411756647374985e-23 1 -2.2204460492503047e-16
vn -1.9411756647374985e-23 -1 2.2204460492503047e-16
vn -1.9411756647374985e-23 -1 2.2204460492503047e-16
vn -1.9411756647374985e-23 -1 2.2204460492503047e-16
vn -1.9411756647374985e-23 -1 2.2204460492503047e-16
vn -1.9411756647374985e-23 -1 2.2204460492503047e-16
vn -1.9411756647374985e-23 -1 2.2204460492503047e-16
vn -1.9411756647374985e-23 -1 2.2204460492503047e-16
vn -1.9411756647374985e-23 -1 2.2204460492503047e-16
vn -1.9411756647374985e-23 -1 2.2204460492503047e-16
vn -1.9411756647374985e-23 -1 2.2204460492503047e-16
vn -1.9411756647374985e-23 -1 2.2204460492503047e-16
vn -1.9411756647374985e-23 -1 2.2204460492503047e-16
vn -1.9411756647374985e-23 -1 2.2204460492503047e-16
vn -1.9411756647374985e-23 -1 2.2204460492503047e-16
vn -1.9411756647374985e-23 -1 2.2204460492503047e-16
vn -1.9411756647374985e-23 -1 2.2204460492503047e-16
vn -1.9411756647374985e-23 -1 2.2204460492503047e-16
vn -1.9411756647374985e-23 -1 2.2204460492503047e-16
vn -1.9411756647374985e-23 -1 2.2204460492503047e-16
vn -1.9411756647374985e-23 -1 2.2204460492503047e-16
vn -1.9411756647374985e-23 -1 2.2204460492503047e-16
vn -1.9411756647374985e-23 -1 2.2204460492503047e-16
vn -1.9411756647374985e-23 -1 2.2204460492503047e-16
vn -1.9411756647374985e-23 -1 2.2204460492503047e-16
vn -1.9411756647374985e-23 -1 2.2204460492503047e-16
vn -1.9411756647374985e-23 -1 2.2204460492503047e-16
vn -1.9411756647374985e-23 -1 2.2204460492503047e-16
vn -1.9411756647374985e-23 -1 2.2204460492503047e-16
vn -1.9411756647374985e-23 -1 2.2204460492503047e-16
vn -1.9411756647374985e-23 -1 2.2204460492503047e-16
vn -1.9411756647374985e-23 -1 2.2204460492503047e-16
vn -1.9411756647374985e-23 -1 2.2204460492503047e-16
vn -1.9411756647374985e-23 -1 2.2204460492503047e-16
vn -1.9411756647374985e-23 -1 2.2204460492503047e-16
vn -1.9411756647374985e-23 -1 2.2204460492503047e-16
vn -1.9411756647374985e-23 -1 2.2204460492503047e-16
vn -1.9411756647374985e-23 -1 2.2204460492503047e-16
vn -1.9411756647374985e-23 -1 2.2204460492503047e-16
vn -1.9411756647374985e-23 -1 2.2204460492503047e-16
vn -1.9411756647374985e-23 -1 2.2204460492503047e-16
vn -1.9411756647374985e-23 -1 2.2204460492503047e-16
vn -1.9411756647374985e-23 -1 2.2204460492503047e-16
vn -1.9411756647374985e-23 -1 2.2204460492503047e-16
vn 1.9411756647374985e-23 1 -2.2204460492503047e-16
vn 1.9411756647374985e-23 1 -2.2204460492503047e-16
vn 1.9411756647374985e-23 1 -2.2204460492503047e-16
vn 1.9411756647374985e-23 1 -2.2204460492503047e-16
vn 1.9411756647374985e-23 1 -2.2204460492503047e-16
vn 1.9411756647374985e-23 1 -2.2204460492503047e-16
vn 1.9411756647374985e-23 1 -2.2204460492503047e-16
vn 1.9411756647374985e-23 1 -2.2204460492503047e-16
vn 1.9411756647374985e-23 1 -2.2204460492503047e-16
vn 1.9411756647374985e-23 1 -2.2204460492503047e-16
vn 1.9411756647374985e-23 1 -2.2204460492503047e-16
vn 1.9411756647374985e-23 1 -2.2204460492503047e-16
vn 1.9411756647374985e-23 1 -2.2204460492503047e-16
vn 1.9411756647374985e-23 1 -2.2204460492503047e-16
vn 1.9411756647374985e-23 1 -2.2204460492503047e-16
vn 1.9411756647374985e-23 1 -2.2204460492503047e-16
vn 1.9411756647374985e-23 1 -2.2204460492503047e-16
vn 1.9411756647374985e-23 1 -2.2204460492503047e-16
vn 1.9411756647374985e-23 1 -2.2204460492503047e-16
vn 1.9411756647374985e-23 1 -2.2204460492503047e-16
vn 1.9411756647374985e-23 1 -2.2204460492503047e-16
vn 1.9411756647374985e-23 1 -2.2204460492503047e-16
vn 1.9411756647374985e-23 1 -2.2204460492503047e-16
vn 1.9411756647374985e-23 1 -2.2204460492503047e-16
vn 1.9411756647374985e-23 1 -2.2204460492503047e-16
vn 1.9411756647374985e-23 1 -2.2204460492503047e-16
vn 1.9411756647374985e-23 1 -2.2204460492503047e-16
vn 1.9411756647374985e-23 1 -2.2204460492503047e-16
vn 1.9411756647374985e-23 1 -2.2204460492503047e-16
vn 1.9411756647374985e-23 1 -2.2204460492503047e-16
vn 1.9411756647374985e-23 1 -2.2204460492503047e-16
vn 1.9411756647374985e-23 1 -2.2204460492503047e-16
vn 1.9411756647374985e-23 1 -2.2204460492503047e-16
vn 1.9411756647374985e-23 1 -2.2204460492503047e-16
vn 1.9411756647374985e-23 1 -2.2204460492503047e-16
vn 1.9411756647374985e-23 1 -2.2204460492503047e-16
vn 1.9411756647374985e-23 1 -2.2204460492503047e-16
vn 1.9411756647374985e-23 1 -2.2204460492503047e-16
vn 1.9411756647374985e-23 1 -2.2204460492503047e-16
vn 1.9411756647374985e-23 1 -2.2204460492503047e-16
vn 1.9411756647374985e-23 1 -2.2204460492503047e-16
vn 1.9411756647374985e-23 1 -2.2204460492503047e-16
vn 1.9411756647374985e-23 1 -2.2204460492503047e-16
vn 1.9411756647374985e-23 1 -2.2204460492503047e-16
vn 1.9411756647374985e-23 1 -2.2204460492503047e-16
vn 1.9411756647374985e-23 1 -2.2204460492503047e-16
vn 1.9411756647374985e-23 1 -2.2204460492503047e-16
vn 0.9999999999999735 -7.058603686527319e-23 -2.3046846932028285e-7
vn 0.9999999999999735 -7.058608735237112e-23 -2.304686966939583e-7
vn 0.9999999999999997 -2.3528689999144788e-23 -1.8541019508939753e-8
vn 0.9999999999999991 -2.8234436203127087e-23 -3.973381635969471e-8
vn 0.999999999999996 0 8.742278000372472e-8
vn 0.9999999999999735 -7.058604948704767e-23 -2.3046852616370174e-7
vn 0.9999999999999735 -7.058608104148387e-23 -2.304686682722489e-7
vn 0.9999999999999999 -1.8822954839215127e-23 2.651727603823801e-9
vn 0.9999999999999921 -4.7057386309176024e-23 -1.2450484744331107e-7
vn 0.9999999999999679 -1.0596383503979589e-7 -2.3046852616370042e-7
vn 0.999999999999953 -8.477105239989483e-8 -2.940469522430932e-7
vn 0.999999999999996 0 8.742278000372472e-8
vn 0.9999999999999679 -1.059637995126591e-7 -2.3046852616370042e-7
vn 0.9999999999998472 -7.064254248233216e-8 -5.483601165481336e-7
vn 0.999999999999996 0 8.742278000372472e-8
vn 0.9999999999999735 -7.058608104148387e-23 -2.304686682722489e-7
vn 0.9999999999999735 -7.058604948704767e-23 -2.3046852616370174e-7
vn 0.999999999999996 0 8.742278000372472e-8
vn 0.9999999999999243 -1.0587911840677552e-22 -3.894143781993542e-7
vn 0.9999999999999735 -7.058604948704767e-23 -2.3046852616370174e-7
vn 0.9999999999998497 -1.4117216208294634e-22 -5.48360116548135e-7
vn 0.9999999999999735 -7.058604948704767e-23 -2.3046852616370174e-7
vn -0.999999999999996 0 -8.742278000372472e-8
vn -0.9999999999997109 1.8822970931970898e-22 7.602884687486016e-7
vn -0.999999999999996 0 -8.742278000372472e-8
vn -0.999999999999996 0 -8.742278000372472e-8
vn -0.999999999999996 0 -8.742278000372472e-8
vn -0.999999999999996 0 -8.742278000372472e-8
vn -0.999999999999996 0 -8.742278000372472e-8
vn -0.9999999999999113 1.1293778267781812e-22 4.212037759801564e-7
vn -0.999999999999996 0 -8.742278000372472e-8
vn -0.999999999999996 0 -8.742278000372472e-8
vn -0.999999999999996 0 -8.742278000372472e-8
vn -0.999999999999996 0 -8.742278000372472e-8
vn -0.999999999999996 0 -8.742278000372472e-8
vn -0.999999999999996 0 -8.742278000372472e-8
vn -0.9999999999999435 9.411481048366916e-23 3.364326454205788e-7
vn -0.999999999999996 0 -8.742278000372472e-8
vn -0.999999999999996 0 -8.742278000372472e-8
vn -0.999999999999996 0 -8.742278000372472e-8
vn -0.999999999999996 0 -8.742278000372472e-8
vn -0.999999999999996 0 -8.742278000372472e-8
vn -0.999999999999996 0 -8.742278000372472e-8
vn -0.9999999999999435 9.411481048366916e-23 3.364326454205788e-7
vn -0.9999999999999435 9.411481048366916e-23 3.364326454205788e-7
vn -0.999999999999996 0 -8.742278000372472e-8
vn -0.999999999999996 0 -8.742278000372472e-8
vn -0.999999999999996 0 -8.742278000372472e-8
vn -0.999999999999996 0 -8.742278000372472e-8
vn -0.999999999999996 0 -8.742278000372472e-8
vn -0.999999999999996 0 -8.742278000372472e-8
vn -0.9999999999999435 9.411481048366916e-23 3.364326454205788e-7
vn -0.999999999999996 0 -8.742278000372472e-8
vn -0.999999999999996 0 -8.742278000372472e-8
vn -0.999999999999996 0 -8.742278000372472e-8
vn -0.999999999999996 0 -8.742278000372472e-8
vn -0.999999999999996 0 -8.742278000372472e-8
vn -0.999999999999996 0 -8.742278000372472e-8
vn -0.9999999999999435 9.411481048366916e-23 3.364326454205788e-7
vn -0.999999999999996 0 -8.742278000372472e-8
vn -0.999999999999996 0 -8.742278000372472e-8
vn -0.999999999999996 0 -8.742278000372472e-8
vn -0.999999999999996 0 -8.742278000372472e-8
vn -0.999999999999996 0 -8.742278000372472e-8
vn -0.999999999999996 0 -8.742278000372472e-8
vn -0.7071071366017383 -1.5700915322411997e-16 -0.7071064257711782
vn -0.6666669395216769 0.3333334392971034 -0.6666663408296274
vn -8.742278000372472e-8 2.2204460492503126e-16 0.999999999999996
vn 0.666666608384811 0.3333333333333335 0.6666667249485174
vn 0.40824821191179894 0.8164963524431 -0.4082488259847565
vn -1.9411756647374985e-23 -1 2.2204460492503047e-16
vn -3.3779735311493533e-7 0.7071067513841687 -0.7071068109888444
vn -1.3799004975856613e-7 0.7071066917795626 -0.7071068705935075
vn 6.181723536000942e-8 0.7071068407911907 -0.7071067215818967
vn 6.181725099242027e-8 0.7071066619772458 -0.7071069003958266
vn -3.377971645845791e-7 0.7071068705934502 -0.7071066917795529
vn -1.379900015740985e-7 0.7071070196050764 -0.707106542767925
vn 6.181724838701841e-8 0.707106691779577 -0.7071068705935043
vn -1.9411756647374985e-23 -1 2.2204460492503047e-16
vn -1.9411756647374985e-23 -1 2.2204460492503047e-16
vn 4.849341638771582e-8 -0.8320504227170533 -0.5547000036563643
vn 6.181720670058066e-8 -0.7071071686166228 -0.7071063937562573
vn 7.274012979237308e-8 -0.5547005400981243 -0.8320500650891409
vn -4.777175598549685e-7 -2.2204460492499583e-16 -0.9999999999998859
vn -1.9514747519078056e-7 -2.2204460492502246e-16 -0.999999999999981
vn -6.181724057081345e-8 0.7071067811865477 0.7071067811865448
vn -6.181724057081345e-8 0.7071067811865477 0.7071067811865448
vn -6.181724057081345e-8 0.7071067811865477 0.7071067811865448
vn 0.0000015366420671135884 0.7071069301972367 0.7071066321741571
vn 0.000001477336052022771 0.8944271909988877 0.4472135954995744
vn -1.9411756647374985e-23 -1 2.2204460492503047e-16
vn -1.9411756647374985e-23 -1 2.2204460492503047e-16
vn -1.9411756647374985e-23 -1 2.2204460492503047e-16
vn -1.9411756647374985e-23 -1 2.2204460492503047e-16
vn -8.742278000372472e-8 2.2204460492503126e-16 0.999999999999996
vn -8.742278000372472e-8 2.2204460492503126e-16 0.999999999999996
vn -8.742278000372472e-8 2.2204460492503126e-16 0.999999999999996
vn -0.7071071366017383 -1.5700915322411997e-16 -0.7071064257711782
vn -0.7071072558109599 -1.5700912675432208e-16 -0.7071063065618167
vn -0.7071072558109599 -1.5700912675432208e-16 -0.7071063065618167
vn -0.7071072260086314 9.990370575917699e-8 -0.7071063363641767
vn -0.7071071664040257 4.995184924837335e-8 -0.7071063959688576
vn -0.7071071664040267 -1.570091466066751e-16 -0.7071063959688585
vn -0.7071071366017383 -1.5700915322411997e-16 -0.7071064257711782
vn 0.7071067193693042 1.5700924586837752e-16 0.7071068430037855
vn 0.7071067193693042 1.5700924586837752e-16 0.7071068430037855
vn 0.7071067193693042 1.5700924586837752e-16 0.7071068430037855
vn 0.7071067193693042 1.5700924586837752e-16 0.7071068430037855
vn 0.7071067193693042 1.5700924586837752e-16 0.7071068430037855
vn 0.7071067193693042 1.5700924586837752e-16 0.7071068430037855
vn 0.3162278261314518 2.1064999752668794e-16 0.948683278012307
vn 0.707106276759497 -1.570093715997771e-16 -0.7071072856132382
vn 0.707106276759497 -1.570093715997771e-16 -0.7071072856132382
vn 0.707106276759497 -1.570093715997771e-16 -0.7071072856132382
vn 0.707106276759497 -1.570093715997771e-16 -0.7071072856132382
vn 0.707106276759497 -1.570093715997771e-16 -0.7071072856132382
vn 0.707106276759497 -1.570093715997771e-16 -0.7071072856132382
vn 0.707106276759497 -1.570093715997771e-16 -0.7071072856132382
vn 8.742278000372472e-8 -2.2204460492503126e-16 -0.999999999999996
vn 8.742278000372472e-8 -2.2204460492503126e-16 -0.999999999999996
vn 8.742278000372472e-8 -2.2204460492503126e-16 -0.999999999999996
vn 8.742278000372472e-8 -2.2204460492503126e-16 -0.999999999999996
vn 8.742278000372472e-8 -2.2204460492503126e-16 -0.999999999999996
vn 8.742278000372472e-8 -2.2204460492503126e-16 -0.999999999999996
vn 8.742278000372472e-8 -2.2204460492503126e-16 -0.999999999999996
vn -3.3643247489032224e-7 -2.2204460492501136e-16 -0.9999999999999435
vn -3.3643247489032224e-7 -2.2204460492501136e-16 -0.9999999999999435
vn -3.3643247489032224e-7 -2.2204460492501136e-16 -0.9999999999999435
vn -3.3643247489032224e-7 -2.2204460492501136e-16 -0.9999999999999435
vn -3.3643247489032224e-7 -2.2204460492501136e-16 -0.9999999999999435
vn -3.3643247489032224e-7 -2.2204460492501136e-16 -0.9999999999999435
vn -4.777175598549685e-7 -2.2204460492499583e-16 -0.9999999999998859
vn -3.364323043600657e-7 -2.2204460492501136e-16 -0.9999999999999435
vn -3.364323043600657e-7 -2.2204460492501136e-16 -0.9999999999999435
vn -3.364323043600657e-7 -2.2204460492501136e-16 -0.9999999999999435
vn -3.364323043600657e-7 -2.2204460492501136e-16 -0.9999999999999435
vn -3.364323043600657e-7 -2.2204460492501136e-16 -0.9999999999999435
vn -3.364323043600657e-7 -2.2204460492501136e-16 -0.9999999999999435
vn -1.2450476217818278e-7 -2.2204460492502628e-16 -0.9999999999999921
vn 8.742278000372472e-8 -2.2204460492503126e-16 -0.999999999999996
vn 8.742278000372472e-8 -2.2204460492503126e-16 -0.999999999999996
vn 8.742278000372472e-8 -2.2204460492503126e-16 -0.999999999999996
vn 8.742278000372472e-8 -2.2204460492503126e-16 -0.999999999999996
vn 8.742278000372472e-8 -2.2204460492503126e-16 -0.999999999999996
vn 8.742278000372472e-8 -2.2204460492503126e-16 -0.999999999999996
vn 8.742278000372472e-8 -2.2204460492503126e-16 -0.999999999999996
vn -3.3643250331203167e-7 -2.2204460492501136e-16 -0.9999999999999435
vn -3.3643256015545053e-7 -2.2204460492501136e-16 -0.9999999999999435
vn -3.3643258857715996e-7 -2.2204460492501136e-16 -0.9999999999999435
vn -3.364326454205788e-7 -2.2204460492501136e-16 -0.9999999999999435
vn -3.3643261699886944e-7 -2.2204460492501136e-16 -0.9999999999999435
vn -3.3643258857715996e-7 5.966239194311e-14 -0.9999999999999435
vn -3.3643253173374115e-7 1.1954681493861787e-13 -0.9999999999999435
vn -3.3643250331203167e-7 -2.2204460492501136e-16 -0.9999999999999435
vn -3.3643247489032224e-7 -2.2204460492501136e-16 -0.9999999999999435
vn -3.3643247489032224e-7 -2.2204460492501136e-16 -0.9999999999999435
vn -3.3643247489032224e-7 -2.2204460492501136e-16 -0.9999999999999435
vn -3.3643247489032224e-7 -2.2204460492501136e-16 -0.9999999999999435
vn -3.3643247489032224e-7 1.1954680138609074e-13 -0.9999999999999435
vn -3.3643247489032224e-7 5.966237839058285e-14 -0.9999999999999435
vn 8.742278000372472e-8 -2.2204460492503126e-16 -0.999999999999996
vn 8.742278000372472e-8 -2.2204460492503126e-16 -0.999999999999996
vn 8.742278000372472e-8 -2.2204460492503126e-16 -0.999999999999996
vn 8.742278000372472e-8 -2.2204460492503126e-16 -0.999999999999996
vn 8.742278000372472e-8 -2.2204460492503126e-16 -0.999999999999996
vn 8.742278000372472e-8 -2.2204460492503126e-16 -0.999999999999996
vn 8.742278000372472e-8 -2.2204460492503126e-16 -0.999999999999996
vn -8.742278000372472e-8 2.2204460492503126e-16 0.999999999999996
vn -8.742278000372472e-8 2.2204460492503126e-16 0.999999999999996
vn 0.000003303423806603411 -4.788539898777315e-13 0.9999999999945437
vn 0.0000033034231244823844 -7.183918715937876e-13 0.9999999999945437
vn 0.000003303422214987683 2.2204460492375478e-16 0.9999999999945437
vn 0.000003303422214987683 2.2204460492375478e-16 0.9999999999945437
vn 0.0000019470834439279883 2.2204460492457175e-16 0.9999999999981044
vn 0.0000021731397162941784 2.2204460492446394e-16 0.9999999999976387
vn 0.0000016079990353781372 -2.393157829020556e-13 0.9999999999987073
vn 7.60287900314413e-7 2.2204460492495149e-16 0.9999999999997109
vn 0.0000012689143994540358 2.2204460492482704e-16 0.9999999999991948
vn 0.0000016079989216912995 2.220446049247122e-16 0.9999999999987073
vn 0.0000016079989216912995 2.220446049247122e-16 0.9999999999987073
vn 7.60287900314413e-7 2.2204460492495149e-16 0.9999999999997109
vn -8.742278000372472e-8 2.2204460492503126e-16 0.999999999999996
vn -8.742278000372472e-8 2.2204460492503126e-16 0.999999999999996
vn -8.742278000372472e-8 2.2204460492503126e-16 0.999999999999996
vn -8.742278000372472e-8 2.2204460492503126e-16 0.999999999999996
vn -8.742278000372472e-8 2.2204460492503126e-16 0.999999999999996
vn -8.742278000372472e-8 2.2204460492503126e-16 0.999999999999996
vn -8.742278000372472e-8 2.2204460492503126e-16 0.999999999999996
vn -8.742278000372472e-8 2.2204460492503126e-16 0.999999999999996
vn -8.742278000372472e-8 2.2204460492503126e-16 0.999999999999996
vn -8.742278000372472e-8 2.2204460492503126e-16 0.999999999999996
vn -8.742278000372472e-8 2.2204460492503126e-16 0.999999999999996
vn -8.742278000372472e-8 2.2204460492503126e-16 0.999999999999996
vn -8.742278000372472e-8 2.2204460492503126e-16 0.999999999999996
vn -8.742278000372472e-8 2.2204460492503126e-16 0.999999999999996
vn -8.742278000372472e-8 2.2204460492503126e-16 0.999999999999996
vn -8.742278000372472e-8 2.2204460492503126e-16 0.999999999999996
vn -8.742278000372472e-8 2.2204460492503126e-16 0.999999999999996
vn -8.742278000372472e-8 2.2204460492503126e-16 0.999999999999996
vn -8.742278000372472e-8 2.2204460492503126e-16 0.999999999999996
vn -8.742278000372472e-8 2.2204460492503126e-16 0.999999999999996
vn -8.742278000372472e-8 2.2204460492503126e-16 0.999999999999996
vn -8.742278000372472e-8 2.2204460492503126e-16 0.999999999999996
vn -0.44721352397438213 0.8944272267626994 -3.909664971970577e-8
vn -0.7071066917795795 0.7071068705934989 8.803820161772321e-8
vn -0.707106751384217 0.7071068109888367 2.3789360251454383e-7
vn -0.9999999999999921 4.7057357910183436e-23 1.2450471954561863e-7
vn -0.9999999999999435 9.411477261834572e-23 3.3643247489032224e-7
vn -0.8320502576580612 -0.5547002512448986 -1.396199837318583e-8
vn -0.7071061553375186 -0.7071074070350215 3.808637100185991e-8
vn -0.5546999623915966 -0.8320504502268833 -4.84934125954828e-8
vn -1.9411756647374985e-23 -1 2.2204460492503047e-16
vn -1.9411756647374985e-23 -1 2.2204460492503047e-16
vn 0.7071066619772216 0.7071069003957726 -3.377974968282854e-7
vn 0.7071067811865449 0.7071067811865476 6.181724041380422e-8
vn 0.7071067811865449 0.7071067811865476 6.181724041380422e-8
vn 0.7071067811865449 0.7071067811865476 6.181724041380422e-8
vn 0.7071067811865449 0.7071067811865476 6.181724041380422e-8
vn 0.7071066619772433 0.7071069003958291 6.181722999219565e-8
vn 0.7071068705935042 0.7071066917795771 6.181724823000918e-8
vn -1.9411756647374985e-23 -1 2.2204460492503047e-16
vn -1.9411756647374985e-23 -1 2.2204460492503047e-16
vn -1.9411756647374985e-23 -1 2.2204460492503047e-16
vn -1.9411756647374985e-23 -1 2.2204460492503047e-16
vn -1.9411756647374985e-23 -1 2.2204460492503047e-16
vn 1.9411756647374985e-23 1 -2.2204460492503047e-16
vn 1.9411756647374985e-23 1 -2.2204460492503047e-16
vn 1.9411756647374985e-23 1 -2.2204460492503047e-16
vn 1.9411756647374985e-23 1 -2.2204460492503047e-16
vn 1.9411756647374985e-23 1 -2.2204460492503047e-16
vn 1.9411756647374985e-23 1 -2.2204460492503047e-16
vn 1.9411756647374985e-23 1 -2.2204460492503047e-16
vn 1.9411756647374985e-23 1 -2.2204460492503047e-16
vn 1.9411756647374985e-23 1 -2.2204460492503047e-16
vn 1.9411756647374985e-23 1 -2.2204460492503047e-16
vn 1.9411756647374985e-23 1 -2.2204460492503047e-16
vn 1.9411756647374985e-23 1 -2.2204460492503047e-16
vn 1.9411756647374985e-23 1 -2.2204460492503047e-16
vn 1.9411756647374985e-23 1 -2.2204460492503047e-16
vn 1.9411756647374985e-23 1 -2.2204460492503047e-16
vn 1.9411756647374985e-23 1 -2.2204460492503047e-16
vn 1.9411756647374985e-23 1 -2.2204460492503047e-16
vn 1.9411756647374985e-23 1 -2.2204460492503047e-16
vn 1.9411756647374985e-23 1 -2.2204460492503047e-16
vn 1.9411756647374985e-23 1 -2.2204460492503047e-16
vn 1.9411756647374985e-23 1 -2.2204460492503047e-16
vn 1.9411756647374985e-23 1 -2.2204460492503047e-16
vn 1.9411756647374985e-23 1 -2.2204460492503047e-16
vn 1.9411756647374985e-23 1 -2.2204460492503047e-16
vn 1.9411756647374985e-23 1 -2.2204460492503047e-16
vn 1.9411756647374985e-23 1 -2.2204460492503047e-16
vn 1.9411756647374985e-23 1 -2.2204460492503047e-16
vn 1.9411756647374985e-23 1 -2.2204460492503047e-16
vn 1.9411756647374985e-23 1 -2.2204460492503047e-16
vn 1.9411756647374985e-23 1 -2.2204460492503047e-16
vn 1.9411756647374985e-23 1 -2.2204460492503047e-16
vn 1.9411756647374985e-23 1 -2.2204460492503047e-16
vn 1.9411756647374985e-23 1 -2.2204460492503047e-16
vn 1.9411756647374985e-23 1 -2.2204460492503047e-16
vn 1.9411756647374985e-23 1 -2.2204460492503047e-16
vn 1.9411756647374985e-23 1 -2.2204460492503047e-16
vn 1.9411756647374985e-23 1 -2.2204460492503047e-16
vn 1.9411756647374985e-23 1 -2.2204460492503047e-16
vn 1.9411756647374985e-23 1 -2.2204460492503047e-16
vn 1.9411756647374985e-23 1 -2.2204460492503047e-16
vn 1.9411756647374985e-23 1 -2.2204460492503047e-16
vn 1.9411756647374985e-23 1 -2.2204460492503047e-16
vn 1.9411756647374985e-23 1 -2.2204460492503047e-16
vn -1.9411756647374985e-23 -1 2.2204460492503047e-16
vn -1.9411756647374985e-23 -1 2.2204460492503047e-16
vn -1.9411756647374985e-23 -1 2.2204460492503047e-16
vn -1.9411756647374985e-23 -1 2.2204460492503047e-16
vn -1.9411756647374985e-23 -1 2.2204460492503047e-16
vn -1.9411756647374985e-23 -1 2.2204460492503047e-16
vn -1.9411756647374985e-23 -1 2.2204460492503047e-16
vn -1.9411756647374985e-23 -1 2.2204460492503047e-16
vn -1.9411756647374985e-23 -1 2.2204460492503047e-16
vn -1.9411756647374985e-23 -1 2.2204460492503047e-16
vn -1.9411756647374985e-23 -1 2.2204460492503047e-16
vn -1.9411756647374985e-23 -1 2.2204460492503047e-16
vn -1.9411756647374985e-23 -1 2.2204460492503047e-16
vn -1.9411756647374985e-23 -1 2.2204460492503047e-16
vn -1.9411756647374985e-23 -1 2.2204460492503047e-16
vn -1.9411756647374985e-23 -1 2.2204460492503047e-16
vn -1.9411756647374985e-23 -1 2.2204460492503047e-16
vn -1.9411756647374985e-23 -1 2.2204460492503047e-16
vn -1.9411756647374985e-23 -1 2.2204460492503047e-16
vn -1.9411756647374985e-23 -1 2.2204460492503047e-16
vn -1.9411756647374985e-23 -1 2.2204460492503047e-16
vn -1.9411756647374985e-23 -1 2.2204460492503047e-16
vn -1.9411756647374985e-23 -1 2.2204460492503047e-16
vn -1.9411756647374985e-23 -1 2.2204460492503047e-16
vn -1.9411756647374985e-23 -1 2.2204460492503047e-16
vn -1.9411756647374985e-23 -1 2.2204460492503047e-16
vn -1.9411756647374985e-23 -1 2.2204460492503047e-16
vn -1.9411756647374985e-23 -1 2.2204460492503047e-16
vn -1.9411756647374985e-23 -1 2.2204460492503047e-16
vn -1.9411756647374985e-23 -1 2.2204460492503047e-16
vn -1.9411756647374985e-23 -1 2.2204460492503047e-16
vn -1.9411756647374985e-23 -1 2.2204460492503047e-16
vn -1.9411756647374985e-23 -1 2.2204460492503047e-16
vn -1.9411756647374985e-23 -1 2.2204460492503047e-16
vn -1.9411756647374985e-23 -1 2.2204460492503047e-16
vn -1.9411756647374985e-23 -1 2.2204460492503047e-16
vn -1.9411756647374985e-23 -1 2.2204460492503047e-16
vn -1.9411756647374985e-23 -1 2.2204460492503047e-16
vn -1.9411756647374985e-23 -1 2.2204460492503047e-16
vn -1.9411756647374985e-23 -1 2.2204460492503047e-16
vn -1.9411756647374985e-23 -1 2.2204460492503047e-16
vn -1.9411756647374985e-23 -1 2.2204460492503047e-16
vn -1.9411756647374985e-23 -1 2.2204460492503047e-16
vn -1.9411756647374985e-23 -1 2.2204460492503047e-16
vn -1.9411756647374985e-23 -1 2.2204460492503047e-16
vn -1.9411756647374985e-23 -1 2.2204460492503047e-16
vn -1.9411756647374985e-23 -1 2.2204460492503047e-16
vn -0.9999999999999735 7.058603686527319e-23 2.3046846932028285e-7
vn -0.9999999999999735 7.058608735237112e-23 2.304686966939583e-7
vn -0.9999999999999997 2.3528689999144788e-23 1.8541019508939753e-8
vn -0.9999999999999991 2.8234436203127087e-23 3.973381635969471e-8
vn -0.999999999999996 0 -8.742278000372472e-8
vn -0.9999999999999735 7.058604948704767e-23 2.3046852616370174e-7
vn -0.9999999999999735 7.058608104148387e-23 2.304686682722489e-7
vn -0.9999999999999999 1.8822954839215127e-23 -2.651727603823801e-9
vn -0.9999999999999921 4.7057386309176024e-23 1.2450484744331107e-7
vn -0.9999999999999679 1.0596383503979589e-7 2.3046852616370042e-7
vn -0.999999999999953 8.477105239989483e-8 2.940469522430932e-7
vn -0.999999999999996 0 -8.742278000372472e-8
vn -0.9999999999999679 1.059637995126591e-7 2.3046852616370042e-7
vn -0.9999999999998472 7.064254248233216e-8 5.483601165481336e-7
vn -0.999999999999996 0 -8.742278000372472e-8
vn -0.9999999999999735 7.058608104148387e-23 2.304686682722489e-7
vn -0.9999999999999735 7.058604948704767e-23 2.3046852616370174e-7
vn -0.999999999999996 0 -8.742278000372472e-8
vn -0.9999999999999243 1.0587911840677552e-22 3.894143781993542e-7
vn -0.9999999999999735 7.058604948704767e-23 2.3046852616370174e-7
vn -0.9999999999998497 1.4117216208294634e-22 5.48360116548135e-7
vn -0.9999999999999735 7.058604948704767e-23 2.3046852616370174e-7
vn 0.999999999999996 0 8.742278000372472e-8
vn 0.9999999999997109 -1.8822970931970898e-22 -7.602884687486016e-7
vn 0.999999999999996 0 8.742278000372472e-8
vn 0.999999999999996 0 8.742278000372472e-8
vn 0.999999999999996 0 8.742278000372472e-8
vn 0.999999999999996 0 8.742278000372472e-8
vn 0.999999999999996 0 8.742278000372472e-8
vn 0.9999999999999113 -1.1293778267781812e-22 -4.212037759801564e-7
vn 0.999999999999996 0 8.742278000372472e-8
vn 0.999999999999996 0 8.742278000372472e-8
vn 0.999999999999996 0 8.742278000372472e-8
vn 0.999999999999996 0 8.742278000372472e-8
vn 0.999999999999996 0 8.742278000372472e-8
vn 0.999999999999996 0 8.742278000372472e-8
vn 0.9999999999999435 -9.411481048366916e-23 -3.364326454205788e-7
vn 0.999999999999996 0 8.742278000372472e-8
vn 0.999999999999996 0 8.742278000372472e-8
vn 0.999999999999996 0 8.742278000372472e-8
vn 0.999999999999996 0 8.742278000372472e-8
vn 0.999999999999996 0 8.742278000372472e-8
vn 0.999999999999996 0 8.742278000372472e-8
vn 0.9999999999999435 -9.411481048366916e-23 -3.364326454205788e-7
vn 0.9999999999999435 -9.411481048366916e-23 -3.364326454205788e-7
vn 0.999999999999996 0 8.742278000372472e-8
vn 0.999999999999996 0 8.742278000372472e-8
vn 0.999999999999996 0 8.742278000372472e-8
vn 0.999999999999996 0 8.742278000372472e-8
vn 0.999999999999996 0 8.742278000372472e-8
vn 0.999999999999996 0 8.742278000372472e-8
vn 0.9999999999999435 -9.411481048366916e-23 -3.364326454205788e-7
vn 0.999999999999996 0 8.742278000372472e-8
vn 0.999999999999996 0 8.742278000372472e-8
vn 0.999999999999996 0 8.742278000372472e-8
vn 0.999999999999996 0 8.742278000372472e-8
vn 0.999999999999996 0 8.742278000372472e-8
vn 0.999999999999996 0 8.742278000372472e-8
vn 0.9999999999999435 -9.411481048366916e-23 -3.364326454205788e-7
vn 0.999999999999996 0 8.742278000372472e-8
vn 0.999999999999996 0 8.742278000372472e-8
vn 0.999999999999996 0 8.742278000372472e-8
vn 0.999999999999996 0 8.742278000372472e-8
vn 0.999999999999996 0 8.742278000372472e-8
vn 0.999999999999996 0 8.742278000372472e-8
vn 9.922968041983288e-9 -0.5538992931404105 0.8325836733077063
vn 3.178648823077377e-8 -6.883380635093552e-15 0.9999999999999993
vn -1.4297451197130236e-7 -0.5555027163323709 -0.8315147215457686
vn 1.9411756647374985e-23 1 -2.2204460492503047e-16
vn -1.9411756647374985e-23 -1 2.2204460492503047e-16
vn -0.4423262909627064 0.14744196878846705 -0.8846515235746536
vn 0.8571429335352323 0.2857141397437286 -0.42857137310034765
vn 0.442326081374669 0.14744189395873833 0.8846516408403873
vn 0.8571429546987038 -0.28571418171025176 0.4285713027957155
vn 0.4423260206331425 -0.14744190659233947 -0.8846516691055664
vn -0.4423259004520461 -0.14744192116956226 0.8846517267665933
vn -0.44232598322137395 0.14744193574678185 -0.8846516829523847
vn -0.857142954698696 -0.28571409230328315 -0.42857136240035937
vn -0.8571429700278651 0.28571418171025853 0.4285712721373746
vn -0.8571427722354769 0.28571415069151046 -0.4285716884012643
vn -0.44232616381384277 0.14744190464870666 0.8846515978391104
vn -0.8571430636922406 -0.2857142327999416 0.4285710507486717
vn -0.44232581995648224 -0.14744188132515137 -0.8846517736551064
vn 0.44232569783174075 -0.1474419250568202 0.8846518274288492
vn 0.44232613789878616 0.1474419357467819 -0.8846516056136371
vn 0.857143022333958 -0.28571411967276616 -0.4285712088834532
vn 0.8571428500864806 0.2857142163782679 0.4285714889081835
f 3/3/3 22/22/22 4/4/4
f 3/3/3 4/4/4 9/9/9
f 22/22/22 3/3/3 5/5/5
f 22/22/22 5/5/5 4/4/4
f 1/1/1 4/4/4 5/5/5
f 1/1/1 5/5/5 6/6/6
f 869/869/869 7/7/7 871/871/871
f 869/869/869 871/871/871 2/2/2
f 2/2/2 871/871/871 8/8/8
f 2/2/2 8/8/8 1/1/1
f 7/7/7 869/869/869 870/870/870
f 7/7/7 870/870/870 9/9/9
f 15/15/15 16/16/16 17/17/17
f 15/15/15 17/17/17 12/12/12
f 13/13/13 14/14/14 11/11/11
f 13/13/13 11/11/11 10/10/10
f 11/11/11 12/12/12 17/17/17
f 11/11/11 17/17/17 10/10/10
f 13/13/13 16/16/16 15/15/15
f 13/13/13 15/15/15 14/14/14
f 14/14/14 15/15/15 12/12/12
f 14/14/14 12/12/12 11/11/11
f 16/16/16 13/13/13 10/10/10
f 16/16/16 10/10/10 17/17/17
f 18/18/18 23/23/23 24/24/24
f 18/18/18 24/24/24 874/874/874
f 25/25/25 21/21/21 19/19/19
f 25/25/25 19/19/19 20/20/20
f 19/19/19 874/874/874 24/24/24
f 19/19/19 24/24/24 20/20/20
f 25/25/25 23/23/23 18/18/18
f 25/25/25 18/18/18 21/21/21
f 21/21/21 18/18/18 874/874/874
f 21/21/21 874/874/874 19/19/19
f 23/23/23 25/25/25 20/20/20
f 23/23/23 20/20/20 24/24/24
f 31/31/31 26/26/26 33/33/33
f 31/31/31 33/33/33 29/29/29
f 30/30/30 28/28/28 32/32/32
f 30/30/30 32/32/32 27/27/27
f 32/32/32 29/29/29 33/33/33
f 32/32/32 33/33/33 27/27/27
f 30/30/30 26/26/26 31/31/31
f 30/30/30 31/31/31 28/28/28
f 28/28/28 31/31/31 29/29/29
f 28/28/28 29/29/29 32/32/32
f 26/26/26 30/30/30 27/27/27
f 26/26/26 27/27/27 33/33/33
f 120/120/120 155/155/155 156/156/156
f 120/120/120 156/156/156 119/119/119
f 112/112/112 116/116/116 115/115/115
f 112/112/112 115/115/115 111/111/111
f 116/116/116 120/120/120 119/119/119
f 116/116/116 119/119/119 115/115/115
f 92/92/92 95/95/95 94/94/94
f 92/92/92 94/94/94 91/91/91
f 95/95/95 98/98/98 97/97/97
f 95/95/95 97/97/97 94/94/94
f 98/98/98 101/101/101 100/100/100
f 98/98/98 100/100/100 97/97/97
f 101/101/101 104/104/104 103/103/103
f 101/101/101 103/103/103 100/100/100
f 55/55/55 88/88/88 89/89/89
f 55/55/55 89/89/89 54/54/54
f 124/124/124 129/129/129 128/128/128
f 124/124/124 128/128/128 123/123/123
f 129/129/129 134/134/134 133/133/133
f 129/129/129 133/133/133 128/128/128
f 151/151/151 156/156/156 155/155/155
f 151/151/151 155/155/155 150/150/150
f 61/61/61 64/64/64 63/63/63
f 61/61/61 63/63/63 60/60/60
f 64/64/64 68/68/68 67/67/67
f 64/64/64 67/67/67 63/63/63
f 68/68/68 72/72/72 71/71/71
f 68/68/68 71/71/71 67/67/67
f 72/72/72 76/76/76 75/75/75
f 72/72/72 75/75/75 71/71/71
f 76/76/76 79/79/79 78/78/78
f 76/76/76 78/78/78 75/75/75
f 86/86/86 89/89/89 88/88/88
f 86/86/86 88/88/88 85/85/85
f 90/90/90 53/53/53 54/54/54
f 90/90/90 54/54/54 89/89/89
f 48/48/48 47/47/47 56/56/56
f 48/48/48 56/56/56 57/57/57
f 49/49/49 48/48/48 57/57/57
f 49/49/49 57/57/57 59/59/59
f 59/59/59 57/57/57 58/58/58
f 59/59/59 58/58/58 60/60/60
f 50/50/50 49/49/49 59/59/59
f 50/50/50 59/59/59 62/62/62
f 62/62/62 59/59/59 60/60/60
f 62/62/62 60/60/60 63/63/63
f 65/65/65 69/69/69 68/68/68
f 65/65/65 68/68/68 64/64/64
f 51/51/51 50/50/50 62/62/62
f 51/51/51 62/62/62 66/66/66
f 66/66/66 62/62/62 63/63/63
f 66/66/66 63/63/63 67/67/67
f 38/38/38 39/39/39 73/73/73
f 38/38/38 73/73/73 69/69/69
f 69/69/69 73/73/73 72/72/72
f 69/69/69 72/72/72 68/68/68
f 52/52/52 51/51/51 66/66/66
f 52/52/52 66/66/66 70/70/70
f 70/70/70 66/66/66 67/67/67
f 70/70/70 67/67/67 71/71/71
f 39/39/39 40/40/40 77/77/77
f 39/39/39 77/77/77 73/73/73
f 73/73/73 77/77/77 76/76/76
f 73/73/73 76/76/76 72/72/72
f 74/74/74 70/70/70 71/71/71
f 74/74/74 71/71/71 75/75/75
f 40/40/40 41/41/41 80/80/80
f 40/40/40 80/80/80 77/77/77
f 77/77/77 80/80/80 79/79/79
f 77/77/77 79/79/79 76/76/76
f 41/41/41 42/42/42 82/82/82
f 41/41/41 82/82/82 80/80/80
f 80/80/80 82/82/82 81/81/81
f 80/80/80 81/81/81 79/79/79
f 42/42/42 43/43/43 84/84/84
f 42/42/42 84/84/84 82/82/82
f 43/43/43 44/44/44 87/87/87
f 43/43/43 87/87/87 84/84/84
f 84/84/84 87/87/87 86/86/86
f 84/84/84 86/86/86 83/83/83
f 44/44/44 45/45/45 90/90/90
f 44/44/44 90/90/90 87/87/87
f 87/87/87 90/90/90 89/89/89
f 87/87/87 89/89/89 86/86/86
f 93/93/93 96/96/96 95/95/95
f 93/93/93 95/95/95 92/92/92
f 35/35/35 34/34/34 91/91/91
f 35/35/35 91/91/91 94/94/94
f 46/46/46 47/47/47 99/99/99
f 46/46/46 99/99/99 96/96/96
f 96/96/96 99/99/99 98/98/98
f 96/96/96 98/98/98 95/95/95
f 36/36/36 35/35/35 94/94/94
f 36/36/36 94/94/94 97/97/97
f 47/47/47 48/48/48 102/102/102
f 47/47/47 102/102/102 99/99/99
f 99/99/99 102/102/102 101/101/101
f 99/99/99 101/101/101 98/98/98
f 37/37/37 36/36/36 97/97/97
f 37/37/37 97/97/97 100/100/100
f 48/48/48 49/49/49 105/105/105
f 48/48/48 105/105/105 102/102/102
f 102/102/102 105/105/105 104/104/104
f 102/102/102 104/104/104 101/101/101
f 49/49/49 50/50/50 107/107/107
f 49/49/49 107/107/107 105/105/105
f 105/105/105 107/107/107 106/106/106
f 105/105/105 106/106/106 104/104/104
f 50/50/50 51/51/51 108/108/108
f 50/50/50 108/108/108 107/107/107
f 121/121/121 154/154/154 155/155/155
f 121/121/121 155/155/155 120/120/120
f 158/158/158 117/117/117 118/118/118
f 158/158/158 118/118/118 157/157/157
f 157/157/157 118/118/118 119/119/119
f 157/157/157 119/119/119 156/156/156
f 113/113/113 109/109/109 110/110/110
f 113/113/113 110/110/110 114/114/114
f 114/114/114 110/110/110 111/111/111
f 114/114/114 111/111/111 115/115/115
f 117/117/117 113/113/113 114/114/114
f 117/117/117 114/114/114 118/118/118
f 118/118/118 114/114/114 115/115/115
f 118/118/118 115/115/115 119/119/119
f 127/127/127 122/122/122 123/123/123
f 127/127/127 123/123/123 128/128/128
f 40/40/40 39/39/39 125/125/125
f 40/40/40 125/125/125 130/130/130
f 131/131/131 126/126/126 127/127/127
f 131/131/131 127/127/127 132/132/132
f 132/132/132 127/127/127 128/128/128
f 132/132/132 128/128/128 133/133/133
f 41/41/41 40/40/40 130/130/130
f 41/41/41 130/130/130 135/135/135
f 135/135/135 130/130/130 131/131/131
f 135/135/135 131/131/131 136/136/136
f 136/136/136 131/131/131 132/132/132
f 136/136/136 132/132/132 137/137/137
f 137/137/137 132/132/132 133/133/133
f 137/137/137 133/133/133 138/138/138
f 42/42/42 41/41/41 135/135/135
f 42/42/42 135/135/135 139/139/139
f 139/139/139 135/135/135 136/136/136
f 139/139/139 136/136/136 140/140/140
f 140/140/140 136/136/136 137/137/137
f 140/140/140 137/137/137 141/141/141
f 141/141/141 137/137/137 138/138/138
f 141/141/141 138/138/138 142/142/142
f 43/43/43 42/42/42 139/139/139
f 43/43/43 139/139/139 143/143/143
f 143/143/143 139/139/139 140/140/140
f 143/143/143 140/140/140 144/144/144
f 144/144/144 140/140/140 141/141/141
f 144/144/144 141/141/141 145/145/145
f 44/44/44 43/43/43 143/143/143
f 44/44/44 143/143/143 147/147/147
f 147/147/147 143/143/143 144/144/144
f 147/147/147 144/144/144 148/148/148
f 148/148/148 144/144/144 145/145/145
f 148/148/148 145/145/145 149/149/149
f 149/149/149 145/145/145 146/146/146
f 149/149/149 146/146/146 150/150/150
f 45/45/45 44/44/44 147/147/147
f 45/45/45 147/147/147 152/152/152
f 153/153/153 148/148/148 149/149/149
f 153/153/153 149/149/149 154/154/154
f 154/154/154 149/149/149 150/150/150
f 154/154/154 150/150/150 155/155/155
f 91/91/91 34/34/34 159/159/159
f 91/91/91 159/159/159 194/194/194
f 37/37/37 100/100/100 198/198/198
f 37/37/37 198/198/198 162/162/162
f 34/34/34 35/35/35 160/160/160
f 34/34/34 160/160/160 159/159/159
f 35/35/35 36/36/36 161/161/161
f 35/35/35 161/161/161 160/160/160
f 36/36/36 37/37/37 162/162/162
f 36/36/36 162/162/162 161/161/161
f 125/125/125 39/39/39 164/164/164
f 125/125/125 164/164/164 216/216/216
f 45/45/45 152/152/152 233/233/233
f 45/45/45 233/233/233 165/165/165
f 39/39/39 38/38/38 163/163/163
f 39/39/39 163/163/163 164/164/164
f 56/56/56 47/47/47 167/167/167
f 56/56/56 167/167/167 173/173/173
f 52/52/52 70/70/70 181/181/181
f 52/52/52 181/181/181 169/169/169
f 47/47/47 46/46/46 166/166/166
f 47/47/47 166/166/166 167/167/167
f 51/51/51 52/52/52 169/169/169
f 51/51/51 169/169/169 168/168/168
f 54/54/54 53/53/53 170/170/170
f 54/54/54 170/170/170 171/171/171
f 55/55/55 54/54/54 171/171/171
f 55/55/55 171/171/171 172/172/172
f 58/58/58 57/57/57 174/174/174
f 58/58/58 174/174/174 175/175/175
f 61/61/61 60/60/60 176/176/176
f 61/61/61 176/176/176 177/177/177
f 65/65/65 64/64/64 178/178/178
f 65/65/65 178/178/178 179/179/179
f 38/38/38 69/69/69 180/180/180
f 38/38/38 180/180/180 163/163/163
f 74/74/74 75/75/75 183/183/183
f 74/74/74 183/183/183 182/182/182
f 78/78/78 79/79/79 185/185/185
f 78/78/78 185/185/185 184/184/184
f 81/81/81 82/82/82 187/187/187
f 81/81/81 187/187/187 186/186/186
f 84/84/84 83/83/83 188/188/188
f 84/84/84 188/188/188 189/189/189
f 86/86/86 85/85/85 190/190/190
f 86/86/86 190/190/190 191/191/191
f 90/90/90 45/45/45 165/165/165
f 90/90/90 165/165/165 193/193/193
f 88/88/88 55/55/55 172/172/172
f 88/88/88 172/172/172 192/192/192
f 53/53/53 90/90/90 193/193/193
f 53/53/53 193/193/193 170/170/170
f 57/57/57 56/56/56 173/173/173
f 57/57/57 173/173/173 174/174/174
f 60/60/60 58/58/58 175/175/175
f 60/60/60 175/175/175 176/176/176
f 64/64/64 61/61/61 177/177/177
f 64/64/64 177/177/177 178/178/178
f 69/69/69 65/65/65 179/179/179
f 69/69/69 179/179/179 180/180/180
f 70/70/70 74/74/74 182/182/182
f 70/70/70 182/182/182 181/181/181
f 75/75/75 78/78/78 184/184/184
f 75/75/75 184/184/184 183/183/183
f 79/79/79 81/81/81 186/186/186
f 79/79/79 186/186/186 185/185/185
f 82/82/82 84/84/84 189/189/189
f 82/82/82 189/189/189 187/187/187
f 83/83/83 86/86/86 191/191/191
f 83/83/83 191/191/191 188/188/188
f 85/85/85 88/88/88 192/192/192
f 85/85/85 192/192/192 190/190/190
f 92/92/92 91/91/91 194/194/194
f 92/92/92 194/194/194 195/195/195
f 93/93/93 92/92/92 195/195/195
f 93/93/93 195/195/195 196/196/196
f 46/46/46 96/96/96 197/197/197
f 46/46/46 197/197/197 166/166/166
f 103/103/103 104/104/104 200/200/200
f 103/103/103 200/200/200 199/199/199
f 106/106/106 107/107/107 202/202/202
f 106/106/106 202/202/202 201/201/201
f 108/108/108 51/51/51 168/168/168
f 108/108/108 168/168/168 203/203/203
f 96/96/96 93/93/93 196/196/196
f 96/96/96 196/196/196 197/197/197
f 100/100/100 103/103/103 199/199/199
f 100/100/100 199/199/199 198/198/198
f 104/104/104 106/106/106 201/201/201
f 104/104/104 201/201/201 200/200/200
f 107/107/107 108/108/108 203/203/203
f 107/107/107 203/203/203 202/202/202
f 110/110/110 109/109/109 204/204/204
f 110/110/110 204/204/204 205/205/205
f 111/111/111 110/110/110 205/205/205
f 111/111/111 205/205/205 206/206/206
f 112/112/112 111/111/111 206/206/206
f 112/112/112 206/206/206 207/207/207
f 121/121/121 120/120/120 211/211/211
f 121/121/121 211/211/211 212/212/212
f 123/123/123 122/122/122 213/213/213
f 123/123/123 213/213/213 214/214/214
f 124/124/124 123/123/123 214/214/214
f 124/124/124 214/214/214 215/215/215
f 127/127/127 126/126/126 217/217/217
f 127/127/127 217/217/217 218/218/218
f 131/131/131 130/130/130 220/220/220
f 131/131/131 220/220/220 221/221/221
f 133/133/133 134/134/134 223/223/223
f 133/133/133 223/223/223 222/222/222
f 141/141/141 142/142/142 226/226/226
f 141/141/141 226/226/226 225/225/225
f 146/146/146 145/145/145 227/227/227
f 146/146/146 227/227/227 228/228/228
f 147/147/147 148/148/148 230/230/230
f 147/147/147 230/230/230 229/229/229
f 151/151/151 150/150/150 231/231/231
f 151/151/151 231/231/231 232/232/232
f 153/153/153 154/154/154 235/235/235
f 153/153/153 235/235/235 234/234/234
f 157/157/157 156/156/156 236/236/236
f 157/157/157 236/236/236 237/237/237
f 158/158/158 157/157/157 237/237/237
f 158/158/158 237/237/237 238/238/238
f 154/154/154 121/121/121 212/212/212
f 154/154/154 212/212/212 235/235/235
f 117/117/117 158/158/158 238/238/238
f 117/117/117 238/238/238 210/210/210
f 116/116/116 112/112/112 207/207/207
f 116/116/116 207/207/207 209/209/209
f 109/109/109 113/113/113 208/208/208
f 109/109/109 208/208/208 204/204/204
f 120/120/120 116/116/116 209/209/209
f 120/120/120 209/209/209 211/211/211
f 113/113/113 117/117/117 210/210/210
f 113/113/113 210/210/210 208/208/208
f 129/129/129 124/124/124 215/215/215
f 129/129/129 215/215/215 219/219/219
f 122/122/122 127/127/127 218/218/218
f 122/122/122 218/218/218 213/213/213
f 134/134/134 129/129/129 219/219/219
f 134/134/134 219/219/219 223/223/223
f 130/130/130 125/125/125 216/216/216
f 130/130/130 216/216/216 220/220/220
f 126/126/126 131/131/131 221/221/221
f 126/126/126 221/221/221 217/217/217
f 138/138/138 133/133/133 222/222/222
f 138/138/138 222/222/222 224/224/224
f 142/142/142 138/138/138 224/224/224
f 142/142/142 224/224/224 226/226/226
f 145/145/145 141/141/141 225/225/225
f 145/145/145 225/225/225 227/227/227
f 150/150/150 146/146/146 228/228/228
f 150/150/150 228/228/228 231/231/231
f 156/156/156 151/151/151 232/232/232
f 156/156/156 232/232/232 236/236/236
f 152/152/152 147/147/147 229/229/229
f 152/152/152 229/229/229 233/233/233
f 148/148/148 153/153/153 234/234/234
f 148/148/148 234/234/234 230/230/230
f 197/197/197 196/196/196 195/195/195
f 197/197/197 195/195/195 194/194/194
f 197/197/197 194/194/194 159/159/159
f 197/197/197 159/159/159 160/160/160
f 197/197/197 160/160/160 161/161/161
f 197/197/197 161/161/161 162/162/162
f 197/197/197 162/162/162 198/198/198
f 197/197/197 198/198/198 199/199/199
f 197/197/197 199/199/199 200/200/200
f 197/197/197 200/200/200 201/201/201
f 197/197/197 201/201/201 202/202/202
f 197/197/197 202/202/202 203/203/203
f 197/197/197 203/203/203 168/168/168
f 197/197/197 168/168/168 169/169/169
f 197/197/197 169/169/169 181/181/181
f 197/197/197 181/181/181 182/182/182
f 197/197/197 182/182/182 183/183/183
f 197/197/197 183/183/183 184/184/184
f 197/197/197 184/184/184 185/185/185
f 197/197/197 185/185/185 186/186/186
f 197/197/197 186/186/186 187/187/187
f 197/197/197 187/187/187 189/189/189
f 197/197/197 189/189/189 188/188/188
f 197/197/197 188/188/188 191/191/191
f 197/197/197 191/191/191 190/190/190
f 197/197/197 190/190/190 192/192/192
f 197/197/197 192/192/192 172/172/172
f 197/197/197 172/172/172 171/171/171
f 197/197/197 171/171/171 170/170/170
f 197/197/197 170/170/170 193/193/193
f 197/197/197 193/193/193 165/165/165
f 197/197/197 165/165/165 233/233/233
f 197/197/197 233/233/233 229/229/229
f 197/197/197 229/229/229 230/230/230
f 197/197/197 230/230/230 234/234/234
f 197/197/197 234/234/234 235/235/235
f 197/197/197 235/235/235 212/212/212
f 197/197/197 212/212/212 211/211/211
f 197/197/197 211/211/211 209/209/209
f 197/197/197 209/209/209 207/207/207
f 197/197/197 207/207/207 206/206/206
f 197/197/197 206/206/206 205/205/205
f 197/197/197 205/205/205 204/204/204
f 197/197/197 204/204/204 208/208/208
f 197/197/197 208/208/208 210/210/210
f 197/197/197 210/210/210 238/238/238
f 197/197/197 238/238/238 237/237/237
f 197/197/197 237/237/237 236/236/236
f 197/197/197 236/236/236 232/232/232
f 197/197/197 232/232/232 231/231/231
f 197/197/197 231/231/231 228/228/228
f 197/197/197 228/228/228 227/227/227
f 197/197/197 227/227/227 225/225/225
f 197/197/197 225/225/225 226/226/226
f 197/197/197 226/226/226 224/224/224
f 197/197/197 224/224/224 222/222/222
f 197/197/197 222/222/222 223/223/223
f 197/197/197 223/223/223 219/219/219
f 197/197/197 219/219/219 215/215/215
f 197/197/197 215/215/215 214/214/214
f 197/197/197 214/214/214 213/213/213
f 197/197/197 213/213/213 218/218/218
f 197/197/197 218/218/218 217/217/217
f 197/197/197 217/217/217 221/221/221
f 197/197/197 221/221/221 220/220/220
f 197/197/197 220/220/220 216/216/216
f 197/197/197 216/216/216 164/164/164
f 197/197/197 164/164/164 163/163/163
f 197/197/197 163/163/163 180/180/180
f 197/197/197 180/180/180 179/179/179
f 197/197/197 179/179/179 178/178/178
f 197/197/197 178/178/178 177/177/177
f 197/197/197 177/177/177 176/176/176
f 197/197/197 176/176/176 175/175/175
f 197/197/197 175/175/175 174/174/174
f 197/197/197 174/174/174 173/173/173
f 197/197/197 173/173/173 167/167/167
f 197/197/197 167/167/167 166/166/166
f 529/529/529 528/528/528 551/551/551
f 529/529/529 551/551/551 550/550/550
f 423/423/423 422/422/422 439/439/439
f 423/423/423 439/439/439 438/438/438
f 465/465/465 464/464/464 486/486/486
f 465/465/465 486/486/486 485/485/485
f 316/316/316 315/315/315 338/338/338
f 316/316/316 338/338/338 337/337/337
f 352/352/352 351/351/351 374/374/374
f 352/352/352 374/374/374 373/373/373
f 390/390/390 391/391/391 401/401/401
f 390/390/390 401/401/401 402/402/402
f 402/402/402 401/401/401 408/408/408
f 402/402/402 408/408/408 409/409/409
f 409/409/409 408/408/408 415/415/415
f 409/409/409 415/415/415 416/416/416
f 416/416/416 415/415/415 422/422/422
f 416/416/416 422/422/422 423/423/423
f 430/430/430 429/429/429 433/433/433
f 430/430/430 433/433/433 434/434/434
f 434/434/434 433/433/433 437/437/437
f 434/434/434 437/437/437 438/438/438
f 395/395/395 396/396/396 444/444/444
f 395/395/395 444/444/444 445/445/445
f 445/445/445 444/444/444 450/450/450
f 445/445/445 450/450/450 451/451/451
f 451/451/451 450/450/450 457/457/457
f 451/451/451 457/457/457 458/458/458
f 458/458/458 457/457/457 464/464/464
f 458/458/458 464/464/464 465/465/465
f 383/383/383 384/384/384 471/471/471
f 383/383/383 471/471/471 472/472/472
f 472/472/472 471/471/471 477/477/477
f 472/472/472 477/477/477 478/478/478
f 478/478/478 477/477/477 484/484/484
f 478/478/478 484/484/484 485/485/485
f 288/288/288 289/289/289 294/294/294
f 288/288/288 294/294/294 295/295/295
f 295/295/295 294/294/294 301/301/301
f 295/295/295 301/301/301 302/302/302
f 302/302/302 301/301/301 308/308/308
f 302/302/302 308/308/308 309/309/309
f 309/309/309 308/308/308 315/315/315
f 309/309/309 315/315/315 316/316/316
f 274/274/274 275/275/275 322/322/322
f 274/274/274 322/322/322 323/323/323
f 323/323/323 322/322/322 329/329/329
f 323/323/323 329/329/329 330/330/330
f 330/330/330 329/329/329 336/336/336
f 330/330/330 336/336/336 337/337/337
f 346/346/346 345/345/345 351/351/351
f 346/346/346 351/351/351 352/352/352
f 281/281/281 282/282/282 358/358/358
f 281/281/281 358/358/358 359/359/359
f 359/359/359 358/358/358 365/365/365
f 359/359/359 365/365/365 366/366/366
f 366/366/366 365/365/365 372/372/372
f 366/366/366 372/372/372 373/373/373
f 383/383/383 382/382/382 491/491/491
f 383/383/383 491/491/491 492/492/492
f 492/492/492 491/491/491 496/496/496
f 492/492/492 496/496/496 497/497/497
f 522/522/522 521/521/521 528/528/528
f 522/522/522 528/528/528 529/529/529
f 390/390/390 389/389/389 535/535/535
f 390/390/390 535/535/535 536/536/536
f 536/536/536 535/535/535 542/542/542
f 536/536/536 542/542/542 543/543/543
f 543/543/543 542/542/542 549/549/549
f 543/543/543 549/549/549 550/550/550
f 255/255/255 319/319/319 334/334/334
f 255/255/255 334/334/334 256/256/256
f 319/319/319 318/318/318 335/335/335
f 319/319/319 335/335/335 334/334/334
f 318/318/318 317/317/317 336/336/336
f 318/318/318 336/336/336 335/335/335
f 317/317/317 316/316/316 337/337/337
f 317/317/317 337/337/337 336/336/336
f 247/247/247 340/340/340 313/313/313
f 247/247/247 313/313/313 248/248/248
f 340/340/340 339/339/339 314/314/314
f 340/340/340 314/314/314 313/313/313
f 339/339/339 338/338/338 315/315/315
f 339/339/339 315/315/315 314/314/314
f 355/355/355 354/354/354 371/371/371
f 355/355/355 371/371/371 370/370/370
f 354/354/354 353/353/353 372/372/372
f 354/354/354 372/372/372 371/371/371
f 353/353/353 352/352/352 373/373/373
f 353/353/353 373/373/373 372/372/372
f 261/261/261 376/376/376 349/349/349
f 261/261/261 349/349/349 262/262/262
f 376/376/376 375/375/375 350/350/350
f 376/376/376 350/350/350 349/349/349
f 375/375/375 374/374/374 351/351/351
f 375/375/375 351/351/351 350/350/350
f 285/285/285 286/286/286 297/297/297
f 285/285/285 297/297/297 298/298/298
f 286/286/286 287/287/287 296/296/296
f 286/286/286 296/296/296 297/297/297
f 287/287/287 288/288/288 295/295/295
f 287/287/287 295/295/295 296/296/296
f 251/251/251 292/292/292 291/291/291
f 251/251/251 291/291/291 243/243/243
f 292/292/292 293/293/293 290/290/290
f 292/292/292 290/290/290 291/291/291
f 293/293/293 294/294/294 289/289/289
f 293/293/293 289/289/289 290/290/290
f 298/298/298 297/297/297 304/304/304
f 298/298/298 304/304/304 305/305/305
f 297/297/297 296/296/296 303/303/303
f 297/297/297 303/303/303 304/304/304
f 296/296/296 295/295/295 302/302/302
f 296/296/296 302/302/302 303/303/303
f 250/250/250 299/299/299 292/292/292
f 250/250/250 292/292/292 251/251/251
f 299/299/299 300/300/300 293/293/293
f 299/299/299 293/293/293 292/292/292
f 300/300/300 301/301/301 294/294/294
f 300/300/300 294/294/294 293/293/293
f 305/305/305 304/304/304 311/311/311
f 305/305/305 311/311/311 312/312/312
f 304/304/304 303/303/303 310/310/310
f 304/304/304 310/310/310 311/311/311
f 303/303/303 302/302/302 309/309/309
f 303/303/303 309/309/309 310/310/310
f 249/249/249 306/306/306 299/299/299
f 249/249/249 299/299/299 250/250/250
f 306/306/306 307/307/307 300/300/300
f 306/306/306 300/300/300 299/299/299
f 307/307/307 308/308/308 301/301/301
f 307/307/307 301/301/301 300/300/300
f 254/254/254 312/312/312 319/319/319
f 254/254/254 319/319/319 255/255/255
f 312/312/312 311/311/311 318/318/318
f 312/312/312 318/318/318 319/319/319
f 311/311/311 310/310/310 317/317/317
f 311/311/311 317/317/317 318/318/318
f 310/310/310 309/309/309 316/316/316
f 310/310/310 316/316/316 317/317/317
f 248/248/248 313/313/313 306/306/306
f 248/248/248 306/306/306 249/249/249
f 313/313/313 314/314/314 307/307/307
f 313/313/313 307/307/307 306/306/306
f 314/314/314 315/315/315 308/308/308
f 314/314/314 308/308/308 307/307/307
f 240/240/240 271/271/271 326/326/326
f 240/240/240 326/326/326 245/245/245
f 271/271/271 272/272/272 325/325/325
f 271/271/271 325/325/325 326/326/326
f 272/272/272 273/273/273 324/324/324
f 272/272/272 324/324/324 325/325/325
f 273/273/273 274/274/274 323/323/323
f 273/273/273 323/323/323 324/324/324
f 258/258/258 320/320/320 277/277/277
f 258/258/258 277/277/277 239/239/239
f 320/320/320 321/321/321 276/276/276
f 320/320/320 276/276/276 277/277/277
f 321/321/321 322/322/322 275/275/275
f 321/321/321 275/275/275 276/276/276
f 245/245/245 326/326/326 333/333/333
f 245/245/245 333/333/333 246/246/246
f 326/326/326 325/325/325 332/332/332
f 326/326/326 332/332/332 333/333/333
f 325/325/325 324/324/324 331/331/331
f 325/325/325 331/331/331 332/332/332
f 324/324/324 323/323/323 330/330/330
f 324/324/324 330/330/330 331/331/331
f 257/257/257 327/327/327 320/320/320
f 257/257/257 320/320/320 258/258/258
f 327/327/327 328/328/328 321/321/321
f 327/327/327 321/321/321 320/320/320
f 328/328/328 329/329/329 322/322/322
f 328/328/328 322/322/322 321/321/321
f 246/246/246 333/333/333 340/340/340
f 246/246/246 340/340/340 247/247/247
f 333/333/333 332/332/332 339/339/339
f 333/333/333 339/339/339 340/340/340
f 332/332/332 331/331/331 338/338/338
f 332/332/332 338/338/338 339/339/339
f 331/331/331 330/330/330 337/337/337
f 331/331/331 337/337/337 338/338/338
f 256/256/256 334/334/334 327/327/327
f 256/256/256 327/327/327 257/257/257
f 334/334/334 335/335/335 328/328/328
f 334/334/334 328/328/328 327/327/327
f 335/335/335 336/336/336 329/329/329
f 335/335/335 329/329/329 328/328/328
f 342/342/342 341/341/341 347/347/347
f 342/342/342 347/347/347 348/348/348
f 348/348/348 347/347/347 353/353/353
f 348/348/348 353/353/353 354/354/354
f 347/347/347 346/346/346 352/352/352
f 347/347/347 352/352/352 353/353/353
f 262/262/262 349/349/349 343/343/343
f 262/262/262 343/343/343 263/263/263
f 349/349/349 350/350/350 344/344/344
f 349/349/349 344/344/344 343/343/343
f 242/242/242 278/278/278 362/362/362
f 242/242/242 362/362/362 259/259/259
f 278/278/278 279/279/279 361/361/361
f 278/278/278 361/361/361 362/362/362
f 279/279/279 280/280/280 360/360/360
f 279/279/279 360/360/360 361/361/361
f 280/280/280 281/281/281 359/359/359
f 280/280/280 359/359/359 360/360/360
f 270/270/270 356/356/356 284/284/284
f 270/270/270 284/284/284 241/241/241
f 356/356/356 357/357/357 283/283/283
f 356/356/356 283/283/283 284/284/284
f 357/357/357 358/358/358 282/282/282
f 357/357/357 282/282/282 283/283/283
f 259/259/259 362/362/362 369/369/369
f 259/259/259 369/369/369 260/260/260
f 362/362/362 361/361/361 368/368/368
f 362/362/362 368/368/368 369/369/369
f 361/361/361 360/360/360 367/367/367
f 361/361/361 367/367/367 368/368/368
f 360/360/360 359/359/359 366/366/366
f 360/360/360 366/366/366 367/367/367
f 269/269/269 363/363/363 356/356/356
f 269/269/269 356/356/356 270/270/270
f 363/363/363 364/364/364 357/357/357
f 363/363/363 357/357/357 356/356/356
f 364/364/364 365/365/365 358/358/358
f 364/364/364 358/358/358 357/357/357
f 260/260/260 369/369/369 376/376/376
f 260/260/260 376/376/376 261/261/261
f 369/369/369 368/368/368 375/375/375
f 369/369/369 375/375/375 376/376/376
f 368/368/368 367/367/367 374/374/374
f 368/368/368 374/374/374 375/375/375
f 367/367/367 366/366/366 373/373/373
f 367/367/367 373/373/373 374/374/374
f 268/268/268 370/370/370 363/363/363
f 268/268/268 363/363/363 269/269/269
f 370/370/370 371/371/371 364/364/364
f 370/370/370 364/364/364 363/363/363
f 371/371/371 372/372/372 365/365/365
f 371/371/371 365/365/365 364/364/364
f 273/273/273 510/510/510 501/501/501
f 273/273/273 501/501/501 274/274/274
f 510/510/510 509/509/509 502/502/502
f 510/510/510 502/502/502 501/501/501
f 288/288/288 532/532/532 547/547/547
f 288/288/288 547/547/547 289/289/289
f 532/532/532 531/531/531 548/548/548
f 532/532/532 548/548/548 547/547/547
f 531/531/531 530/530/530 549/549/549
f 531/531/531 549/549/549 548/548/548
f 530/530/530 529/529/529 550/550/550
f 530/530/530 550/550/550 549/549/549
f 280/280/280 553/553/553 526/526/526
f 280/280/280 526/526/526 281/281/281
f 553/553/553 552/552/552 527/527/527
f 553/553/553 527/527/527 526/526/526
f 552/552/552 551/551/551 528/528/528
f 552/552/552 528/528/528 527/527/527
f 248/248/248 426/426/426 435/435/435
f 248/248/248 435/435/435 247/247/247
f 426/426/426 425/425/425 436/436/436
f 426/426/426 436/436/436 435/435/435
f 425/425/425 424/424/424 437/437/437
f 425/425/425 437/437/437 436/436/436
f 424/424/424 423/423/423 438/438/438
f 424/424/424 438/438/438 437/437/437
f 263/263/263 441/441/441 420/420/420
f 263/263/263 420/420/420 262/262/262
f 441/441/441 440/440/440 421/421/421
f 441/441/441 421/421/421 420/420/420
f 440/440/440 439/439/439 422/422/422
f 440/440/440 422/422/422 421/421/421
f 267/267/267 468/468/468 482/482/482
f 267/267/267 482/482/482 266/266/266
f 468/468/468 467/467/467 483/483/483
f 468/468/468 483/483/483 482/482/482
f 467/467/467 466/466/466 484/484/484
f 467/467/467 484/484/484 483/483/483
f 466/466/466 465/465/465 485/485/485
f 466/466/466 485/485/485 484/484/484
f 256/256/256 488/488/488 462/462/462
f 256/256/256 462/462/462 255/255/255
f 488/488/488 487/487/487 463/463/463
f 488/488/488 463/463/463 462/462/462
f 487/487/487 486/486/486 464/464/464
f 487/487/487 464/464/464 463/463/463
f 243/243/243 387/387/387 405/405/405
f 243/243/243 405/405/405 251/251/251
f 387/387/387 388/388/388 404/404/404
f 387/387/387 404/404/404 405/405/405
f 388/388/388 389/389/389 403/403/403
f 388/388/388 403/403/403 404/404/404
f 389/389/389 390/390/390 402/402/402
f 389/389/389 402/402/402 403/403/403
f 259/259/259 399/399/399 393/393/393
f 259/259/259 393/393/393 242/242/242
f 399/399/399 400/400/400 392/392/392
f 399/399/399 392/392/392 393/393/393
f 400/400/400 401/401/401 391/391/391
f 400/400/400 391/391/391 392/392/392
f 251/251/251 405/405/405 412/412/412
f 251/251/251 412/412/412 250/250/250
f 405/405/405 404/404/404 411/411/411
f 405/405/405 411/411/411 412/412/412
f 404/404/404 403/403/403 410/410/410
f 404/404/404 410/410/410 411/411/411
f 403/403/403 402/402/402 409/409/409
f 403/403/403 409/409/409 410/410/410
f 260/260/260 406/406/406 399/399/399
f 260/260/260 399/399/399 259/259/259
f 406/406/406 407/407/407 400/400/400
f 406/406/406 400/400/400 399/399/399
f 407/407/407 408/408/408 401/401/401
f 407/407/407 401/401/401 400/400/400
f 250/250/250 412/412/412 419/419/419
f 250/250/250 419/419/419 249/249/249
f 412/412/412 411/411/411 418/418/418
f 412/412/412 418/418/418 419/419/419
f 411/411/411 410/410/410 417/417/417
f 411/411/411 417/417/417 418/418/418
f 410/410/410 409/409/409 416/416/416
f 410/410/410 416/416/416 417/417/417
f 261/261/261 413/413/413 406/406/406
f 261/261/261 406/406/406 260/260/260
f 413/413/413 414/414/414 407/407/407
f 413/413/413 407/407/407 406/406/406
f 414/414/414 415/415/415 408/408/408
f 414/414/414 408/408/408 407/407/407
f 249/249/249 419/419/419 426/426/426
f 249/249/249 426/426/426 248/248/248
f 419/419/419 418/418/418 425/425/425
f 419/419/419 425/425/425 426/426/426
f 418/418/418 417/417/417 424/424/424
f 418/418/418 424/424/424 425/425/425
f 417/417/417 416/416/416 423/423/423
f 417/417/417 423/423/423 424/424/424
f 262/262/262 420/420/420 413/413/413
f 262/262/262 413/413/413 261/261/261
f 420/420/420 421/421/421 414/414/414
f 420/420/420 414/414/414 413/413/413
f 421/421/421 422/422/422 415/415/415
f 421/421/421 415/415/415 414/414/414
f 245/245/245 427/427/427 379/379/379
f 245/245/245 379/379/379 240/240/240
f 427/427/427 428/428/428 378/378/378
f 427/427/427 378/378/378 379/379/379
f 428/428/428 429/429/429 377/377/377
f 428/428/428 377/377/377 378/378/378
f 246/246/246 431/431/431 427/427/427
f 246/246/246 427/427/427 245/245/245
f 431/431/431 432/432/432 428/428/428
f 431/431/431 428/428/428 427/427/427
f 432/432/432 433/433/433 429/429/429
f 432/432/432 429/429/429 428/428/428
f 247/247/247 435/435/435 431/431/431
f 247/247/247 431/431/431 246/246/246
f 435/435/435 436/436/436 432/432/432
f 435/435/435 432/432/432 431/431/431
f 436/436/436 437/437/437 433/433/433
f 436/436/436 433/433/433 432/432/432
f 394/394/394 395/395/395 445/445/445
f 394/394/394 445/445/445 446/446/446
f 442/442/442 443/443/443 397/397/397
f 442/442/442 397/397/397 398/398/398
f 443/443/443 444/444/444 396/396/396
f 443/443/443 396/396/396 397/397/397
f 447/447/447 446/446/446 452/452/452
f 447/447/447 452/452/452 453/453/453
f 446/446/446 445/445/445 451/451/451
f 446/446/446 451/451/451 452/452/452
f 253/253/253 448/448/448 442/442/442
f 253/253/253 442/442/442 252/252/252
f 448/448/448 449/449/449 443/443/443
f 448/448/448 443/443/443 442/442/442
f 449/449/449 450/450/450 444/444/444
f 449/449/449 444/444/444 443/443/443
f 454/454/454 453/453/453 460/460/460
f 454/454/454 460/460/460 461/461/461
f 453/453/453 452/452/452 459/459/459
f 453/453/453 459/459/459 460/460/460
f 452/452/452 451/451/451 458/458/458
f 452/452/452 458/458/458 459/459/459
f 254/254/254 455/455/455 448/448/448
f 254/254/254 448/448/448 253/253/253
f 455/455/455 456/456/456 449/449/449
f 455/455/455 449/449/449 448/448/448
f 456/456/456 457/457/457 450/450/450
f 456/456/456 450/450/450 449/449/449
f 872/872/872 461/461/461 468/468/468
f 872/872/872 468/468/468 267/267/267
f 461/461/461 460/460/460 467/467/467
f 461/461/461 467/467/467 468/468/468
f 460/460/460 459/459/459 466/466/466
f 460/460/460 466/466/466 467/467/467
f 459/459/459 458/458/458 465/465/465
f 459/459/459 465/465/465 466/466/466
f 255/255/255 462/462/462 455/455/455
f 255/255/255 455/455/455 254/254/254
f 462/462/462 463/463/463 456/456/456
f 462/462/462 456/456/456 455/455/455
f 463/463/463 464/464/464 457/457/457
f 463/463/463 457/457/457 456/456/456
f 382/382/382 383/383/383 472/472/472
f 382/382/382 472/472/472 473/473/473
f 264/264/264 469/469/469 386/386/386
f 264/264/264 386/386/386 244/244/244
f 469/469/469 470/470/470 385/385/385
f 469/469/469 385/385/385 386/386/386
f 470/470/470 471/471/471 384/384/384
f 470/470/470 384/384/384 385/385/385
f 474/474/474 473/473/473 479/479/479
f 474/474/474 479/479/479 480/480/480
f 473/473/473 472/472/472 478/478/478
f 473/473/473 478/478/478 479/479/479
f 265/265/265 475/475/475 469/469/469
f 265/265/265 469/469/469 264/264/264
f 475/475/475 476/476/476 470/470/470
f 475/475/475 470/470/470 469/469/469
f 476/476/476 477/477/477 471/471/471
f 476/476/476 471/471/471 470/470/470
f 481/481/481 480/480/480 487/487/487
f 481/481/481 487/487/487 488/488/488
f 480/480/480 479/479/479 486/486/486
f 480/480/480 486/486/486 487/487/487
f 479/479/479 478/478/478 485/485/485
f 479/479/479 485/485/485 486/486/486
f 266/266/266 482/482/482 475/475/475
f 266/266/266 475/475/475 265/265/265
f 482/482/482 483/483/483 476/476/476
f 482/482/482 476/476/476 475/475/475
f 483/483/483 484/484/484 477/477/477
f 483/483/483 477/477/477 476/476/476
f 384/384/384 383/383/383 492/492/492
f 384/384/384 492/492/492 493/493/493
f 277/277/277 489/489/489 380/380/380
f 277/277/277 380/380/380 239/239/239
f 489/489/489 490/490/490 381/381/381
f 489/489/489 381/381/381 380/380/380
f 490/490/490 491/491/491 382/382/382
f 490/490/490 382/382/382 381/381/381
f 276/276/276 494/494/494 489/489/489
f 276/276/276 489/489/489 277/277/277
f 494/494/494 495/495/495 490/490/490
f 494/494/494 490/490/490 489/489/489
f 495/495/495 496/496/496 491/491/491
f 495/495/495 491/491/491 490/490/490
f 275/275/275 498/498/498 494/494/494
f 275/275/275 494/494/494 276/276/276
f 498/498/498 499/499/499 495/495/495
f 498/498/498 495/495/495 494/494/494
f 499/499/499 500/500/500 496/496/496
f 499/499/499 496/496/496 495/495/495
f 274/274/274 501/501/501 498/498/498
f 274/274/274 498/498/498 275/275/275
f 501/501/501 502/502/502 499/499/499
f 501/501/501 499/499/499 498/498/498
f 240/240/240 379/379/379 505/505/505
f 240/240/240 505/505/505 271/271/271
f 379/379/379 378/378/378 504/504/504
f 379/379/379 504/504/504 505/505/505
f 378/378/378 377/377/377 503/503/503
f 378/378/378 503/503/503 504/504/504
f 271/271/271 505/505/505 508/508/508
f 271/271/271 508/508/508 272/272/272
f 505/505/505 504/504/504 507/507/507
f 505/505/505 507/507/507 508/508/508
f 504/504/504 503/503/503 506/506/506
f 504/504/504 506/506/506 507/507/507
f 272/272/272 508/508/508 510/510/510
f 272/272/272 510/510/510 273/273/273
f 508/508/508 507/507/507 509/509/509
f 508/508/508 509/509/509 510/510/510
f 285/285/285 512/512/512 518/518/518
f 285/285/285 518/518/518 286/286/286
f 283/283/283 513/513/513 511/511/511
f 283/283/283 511/511/511 284/284/284
f 286/286/286 518/518/518 525/525/525
f 286/286/286 525/525/525 287/287/287
f 518/518/518 517/517/517 524/524/524
f 518/518/518 524/524/524 525/525/525
f 517/517/517 516/516/516 523/523/523
f 517/517/517 523/523/523 524/524/524
f 282/282/282 519/519/519 513/513/513
f 282/282/282 513/513/513 283/283/283
f 520/520/520 521/521/521 515/515/515
f 520/520/520 515/515/515 514/514/514
f 287/287/287 525/525/525 532/532/532
f 287/287/287 532/532/532 288/288/288
f 525/525/525 524/524/524 531/531/531
f 525/525/525 531/531/531 532/532/532
f 524/524/524 523/523/523 530/530/530
f 524/524/524 530/530/530 531/531/531
f 523/523/523 522/522/522 529/529/529
f 523/523/523 529/529/529 530/530/530
f 281/281/281 526/526/526 519/519/519
f 281/281/281 519/519/519 282/282/282
f 526/526/526 527/527/527 520/520/520
f 526/526/526 520/520/520 519/519/519
f 527/527/527 528/528/528 521/521/521
f 527/527/527 521/521/521 520/520/520
f 242/242/242 393/393/393 539/539/539
f 242/242/242 539/539/539 278/278/278
f 393/393/393 392/392/392 538/538/538
f 393/393/393 538/538/538 539/539/539
f 392/392/392 391/391/391 537/537/537
f 392/392/392 537/537/537 538/538/538
f 391/391/391 390/390/390 536/536/536
f 391/391/391 536/536/536 537/537/537
f 291/291/291 533/533/533 387/387/387
f 291/291/291 387/387/387 243/243/243
f 533/533/533 534/534/534 388/388/388
f 533/533/533 388/388/388 387/387/387
f 534/534/534 535/535/535 389/389/389
f 534/534/534 389/389/389 388/388/388
f 278/278/278 539/539/539 546/546/546
f 278/278/278 546/546/546 279/279/279
f 539/539/539 538/538/538 545/545/545
f 539/539/539 545/545/545 546/546/546
f 538/538/538 537/537/537 544/544/544
f 538/538/538 544/544/544 545/545/545
f 537/537/537 536/536/536 543/543/543
f 537/537/537 543/543/543 544/544/544
f 290/290/290 540/540/540 533/533/533
f 290/290/290 533/533/533 291/291/291
f 540/540/540 541/541/541 534/534/534
f 540/540/540 534/534/534 533/533/533
f 541/541/541 542/542/542 535/535/535
f 541/541/541 535/535/535 534/534/534
f 279/279/279 546/546/546 553/553/553
f 279/279/279 553/553/553 280/280/280
f 546/546/546 545/545/545 552/552/552
f 546/546/546 552/552/552 553/553/553
f 545/545/545 544/544/544 551/551/551
f 545/545/545 551/551/551 552/552/552
f 544/544/544 543/543/543 550/550/550
f 544/544/544 550/550/550 551/551/551
f 289/289/289 547/547/547 540/540/540
f 289/289/289 540/540/540 290/290/290
f 547/547/547 548/548/548 541/541/541
f 547/547/547 541/541/541 540/540/540
f 548/548/548 549/549/549 542/542/542
f 548/548/548 542/542/542 541/541/541
f 844/844/844 865/865/865 866/866/866
f 844/844/844 866/866/866 843/843/843
f 738/738/738 753/753/753 754/754/754
f 738/738/738 754/754/754 737/737/737
f 780/780/780 800/800/800 801/801/801
f 780/780/780 801/801/801 779/779/779
f 631/631/631 652/652/652 653/653/653
f 631/631/631 653/653/653 630/630/630
f 667/667/667 688/688/688 689/689/689
f 667/667/667 689/689/689 666/666/666
f 705/705/705 717/717/717 716/716/716
f 705/705/705 716/716/716 706/706/706
f 717/717/717 724/724/724 723/723/723
f 717/717/717 723/723/723 716/716/716
f 724/724/724 731/731/731 730/730/730
f 724/724/724 730/730/730 723/723/723
f 731/731/731 738/738/738 737/737/737
f 731/731/731 737/737/737 730/730/730
f 745/745/745 749/749/749 748/748/748
f 745/745/745 748/748/748 744/744/744
f 749/749/749 753/753/753 752/752/752
f 749/749/749 752/752/752 748/748/748
f 710/710/710 760/760/760 759/759/759
f 710/710/710 759/759/759 711/711/711
f 760/760/760 766/766/766 765/765/765
f 760/760/760 765/765/765 759/759/759
f 766/766/766 773/773/773 772/772/772
f 766/766/766 772/772/772 765/765/765
f 773/773/773 780/780/780 779/779/779
f 773/773/773 779/779/779 772/772/772
f 698/698/698 787/787/787 786/786/786
f 698/698/698 786/786/786 699/699/699
f 787/787/787 793/793/793 792/792/792
f 787/787/787 792/792/792 786/786/786
f 793/793/793 800/800/800 799/799/799
f 793/793/793 799/799/799 792/792/792
f 603/603/603 610/610/610 609/609/609
f 603/603/603 609/609/609 604/604/604
f 610/610/610 617/617/617 616/616/616
f 610/610/610 616/616/616 609/609/609
f 617/617/617 624/624/624 623/623/623
f 617/617/617 623/623/623 616/616/616
f 624/624/624 631/631/631 630/630/630
f 624/624/624 630/630/630 623/623/623
f 589/589/589 638/638/638 637/637/637
f 589/589/589 637/637/637 590/590/590
f 638/638/638 645/645/645 644/644/644
f 638/638/638 644/644/644 637/637/637
f 645/645/645 652/652/652 651/651/651
f 645/645/645 651/651/651 644/644/644
f 661/661/661 667/667/667 666/666/666
f 661/661/661 666/666/666 660/660/660
f 596/596/596 674/674/674 673/673/673
f 596/596/596 673/673/673 597/597/597
f 674/674/674 681/681/681 680/680/680
f 674/674/674 680/680/680 673/673/673
f 681/681/681 688/688/688 687/687/687
f 681/681/681 687/687/687 680/680/680
f 698/698/698 807/807/807 806/806/806
f 698/698/698 806/806/806 697/697/697
f 807/807/807 812/812/812 811/811/811
f 807/807/807 811/811/811 806/806/806
f 837/837/837 844/844/844 843/843/843
f 837/837/837 843/843/843 836/836/836
f 705/705/705 851/851/851 850/850/850
f 705/705/705 850/850/850 704/704/704
f 851/851/851 858/858/858 857/857/857
f 851/851/851 857/857/857 850/850/850
f 858/858/858 865/865/865 864/864/864
f 858/858/858 864/864/864 857/857/857
f 570/570/570 571/571/571 649/649/649
f 570/570/570 649/649/649 634/634/634
f 634/634/634 649/649/649 650/650/650
f 634/634/634 650/650/650 633/633/633
f 633/633/633 650/650/650 651/651/651
f 633/633/633 651/651/651 632/632/632
f 632/632/632 651/651/651 652/652/652
f 632/632/632 652/652/652 631/631/631
f 562/562/562 563/563/563 628/628/628
f 562/562/562 628/628/628 655/655/655
f 655/655/655 628/628/628 629/629/629
f 655/655/655 629/629/629 654/654/654
f 654/654/654 629/629/629 630/630/630
f 654/654/654 630/630/630 653/653/653
f 670/670/670 685/685/685 686/686/686
f 670/670/670 686/686/686 669/669/669
f 669/669/669 686/686/686 687/687/687
f 669/669/669 687/687/687 668/668/668
f 668/668/668 687/687/687 688/688/688
f 668/668/668 688/688/688 667/667/667
f 576/576/576 577/577/577 664/664/664
f 576/576/576 664/664/664 691/691/691
f 691/691/691 664/664/664 665/665/665
f 691/691/691 665/665/665 690/690/690
f 690/690/690 665/665/665 666/666/666
f 690/690/690 666/666/666 689/689/689
f 600/600/600 613/613/613 612/612/612
f 600/600/600 612/612/612 601/601/601
f 601/601/601 612/612/612 611/611/611
f 601/601/601 611/611/611 602/602/602
f 602/602/602 611/611/611 610/610/610
f 602/602/602 610/610/610 603/603/603
f 566/566/566 558/558/558 606/606/606
f 566/566/566 606/606/606 607/607/607
f 607/607/607 606/606/606 605/605/605
f 607/607/607 605/605/605 608/608/608
f 608/608/608 605/605/605 604/604/604
f 608/608/608 604/604/604 609/609/609
f 613/613/613 620/620/620 619/619/619
f 613/613/613 619/619/619 612/612/612
f 612/612/612 619/619/619 618/618/618
f 612/612/612 618/618/618 611/611/611
f 611/611/611 618/618/618 617/617/617
f 611/611/611 617/617/617 610/610/610
f 565/565/565 566/566/566 607/607/607
f 565/565/565 607/607/607 614/614/614
f 614/614/614 607/607/607 608/608/608
f 614/614/614 608/608/608 615/615/615
f 615/615/615 608/608/608 609/609/609
f 615/615/615 609/609/609 616/616/616
f 620/620/620 627/627/627 626/626/626
f 620/620/620 626/626/626 619/619/619
f 619/619/619 626/626/626 625/625/625
f 619/619/619 625/625/625 618/618/618
f 618/618/618 625/625/625 624/624/624
f 618/618/618 624/624/624 617/617/617
f 564/564/564 565/565/565 614/614/614
f 564/564/564 614/614/614 621/621/621
f 621/621/621 614/614/614 615/615/615
f 621/621/621 615/615/615 622/622/622
f 622/622/622 615/615/615 616/616/616
f 622/622/622 616/616/616 623/623/623
f 569/569/569 570/570/570 634/634/634
f 569/569/569 634/634/634 627/627/627
f 627/627/627 634/634/634 633/633/633
f 627/627/627 633/633/633 626/626/626
f 626/626/626 633/633/633 632/632/632
f 626/626/626 632/632/632 625/625/625
f 625/625/625 632/632/632 631/631/631
f 625/625/625 631/631/631 624/624/624
f 563/563/563 564/564/564 621/621/621
f 563/563/563 621/621/621 628/628/628
f 628/628/628 621/621/621 622/622/622
f 628/628/628 622/622/622 629/629/629
f 629/629/629 622/622/622 623/623/623
f 629/629/629 623/623/623 630/630/630
f 555/555/555 560/560/560 641/641/641
f 555/555/555 641/641/641 586/586/586
f 586/586/586 641/641/641 640/640/640
f 586/586/586 640/640/640 587/587/587
f 587/587/587 640/640/640 639/639/639
f 587/587/587 639/639/639 588/588/588
f 588/588/588 639/639/639 638/638/638
f 588/588/588 638/638/638 589/589/589
f 573/573/573 554/554/554 592/592/592
f 573/573/573 592/592/592 635/635/635
f 635/635/635 592/592/592 591/591/591
f 635/635/635 591/591/591 636/636/636
f 636/636/636 591/591/591 590/590/590
f 636/636/636 590/590/590 637/637/637
f 560/560/560 561/561/561 648/648/648
f 560/560/560 648/648/648 641/641/641
f 641/641/641 648/648/648 647/647/647
f 641/641/641 647/647/647 640/640/640
f 640/640/640 647/647/647 646/646/646
f 640/640/640 646/646/646 639/639/639
f 639/639/639 646/646/646 645/645/645
f 639/639/639 645/645/645 638/638/638
f 572/572/572 573/573/573 635/635/635
f 572/572/572 635/635/635 642/642/642
f 642/642/642 635/635/635 636/636/636
f 642/642/642 636/636/636 643/643/643
f 643/643/643 636/636/636 637/637/637
f 643/643/643 637/637/637 644/644/644
f 561/561/561 562/562/562 655/655/655
f 561/561/561 655/655/655 648/648/648
f 648/648/648 655/655/655 654/654/654
f 648/648/648 654/654/654 647/647/647
f 647/647/647 654/654/654 653/653/653
f 647/647/647 653/653/653 646/646/646
f 646/646/646 653/653/653 652/652/652
f 646/646/646 652/652/652 645/645/645
f 571/571/571 572/572/572 642/642/642
f 571/571/571 642/642/642 649/649/649
f 649/649/649 642/642/642 643/643/643
f 649/649/649 643/643/643 650/650/650
f 650/650/650 643/643/643 644/644/644
f 650/650/650 644/644/644 651/651/651
f 657/657/657 663/663/663 662/662/662
f 657/657/657 662/662/662 656/656/656
f 663/663/663 669/669/669 668/668/668
f 663/663/663 668/668/668 662/662/662
f 662/662/662 668/668/668 667/667/667
f 662/662/662 667/667/667 661/661/661
f 577/577/577 578/578/578 658/658/658
f 577/577/577 658/658/658 664/664/664
f 664/664/664 658/658/658 659/659/659
f 664/664/664 659/659/659 665/665/665
f 557/557/557 574/574/574 677/677/677
f 557/557/557 677/677/677 593/593/593
f 593/593/593 677/677/677 676/676/676
f 593/593/593 676/676/676 594/594/594
f 594/594/594 676/676/676 675/675/675
f 594/594/594 675/675/675 595/595/595
f 595/595/595 675/675/675 674/674/674
f 595/595/595 674/674/674 596/596/596
f 585/585/585 556/556/556 599/599/599
f 585/585/585 599/599/599 671/671/671
f 671/671/671 599/599/599 598/598/598
f 671/671/671 598/598/598 672/672/672
f 672/672/672 598/598/598 597/597/597
f 672/672/672 597/597/597 673/673/673
f 574/574/574 575/575/575 684/684/684
f 574/574/574 684/684/684 677/677/677
f 677/677/677 684/684/684 683/683/683
f 677/677/677 683/683/683 676/676/676
f 676/676/676 683/683/683 682/682/682
f 676/676/676 682/682/682 675/675/675
f 675/675/675 682/682/682 681/681/681
f 675/675/675 681/681/681 674/674/674
f 584/584/584 585/585/585 671/671/671
f 584/584/584 671/671/671 678/678/678
f 678/678/678 671/671/671 672/672/672
f 678/678/678 672/672/672 679/679/679
f 679/679/679 672/672/672 673/673/673
f 679/679/679 673/673/673 680/680/680
f 575/575/575 576/576/576 691/691/691
f 575/575/575 691/691/691 684/684/684
f 684/684/684 691/691/691 690/690/690
f 684/684/684 690/690/690 683/683/683
f 683/683/683 690/690/690 689/689/689
f 683/683/683 689/689/689 682/682/682
f 682/682/682 689/689/689 688/688/688
f 682/682/682 688/688/688 681/681/681
f 583/583/583 584/584/584 678/678/678
f 583/583/583 678/678/678 685/685/685
f 685/685/685 678/678/678 679/679/679
f 685/685/685 679/679/679 686/686/686
f 686/686/686 679/679/679 680/680/680
f 686/686/686 680/680/680 687/687/687
f 588/588/588 589/589/589 816/816/816
f 588/588/588 816/816/816 825/825/825
f 825/825/825 816/816/816 817/817/817
f 825/825/825 817/817/817 824/824/824
f 603/603/603 604/604/604 862/862/862
f 603/603/603 862/862/862 847/847/847
f 847/847/847 862/862/862 863/863/863
f 847/847/847 863/863/863 846/846/846
f 846/846/846 863/863/863 864/864/864
f 846/846/846 864/864/864 845/845/845
f 845/845/845 864/864/864 865/865/865
f 845/845/845 865/865/865 844/844/844
f 595/595/595 596/596/596 841/841/841
f 595/595/595 841/841/841 868/868/868
f 868/868/868 841/841/841 842/842/842
f 868/868/868 842/842/842 867/867/867
f 867/867/867 842/842/842 843/843/843
f 867/867/867 843/843/843 866/866/866
f 563/563/563 562/562/562 750/750/750
f 563/563/563 750/750/750 741/741/741
f 741/741/741 750/750/750 751/751/751
f 741/741/741 751/751/751 740/740/740
f 740/740/740 751/751/751 752/752/752
f 740/740/740 752/752/752 739/739/739
f 739/739/739 752/752/752 753/753/753
f 739/739/739 753/753/753 738/738/738
f 578/578/578 577/577/577 735/735/735
f 578/578/578 735/735/735 756/756/756
f 756/756/756 735/735/735 736/736/736
f 756/756/756 736/736/736 755/755/755
f 755/755/755 736/736/736 737/737/737
f 755/755/755 737/737/737 754/754/754
f 582/582/582 581/581/581 797/797/797
f 582/582/582 797/797/797 783/783/783
f 783/783/783 797/797/797 798/798/798
f 783/783/783 798/798/798 782/782/782
f 782/782/782 798/798/798 799/799/799
f 782/782/782 799/799/799 781/781/781
f 781/781/781 799/799/799 800/800/800
f 781/781/781 800/800/800 780/780/780
f 571/571/571 570/570/570 777/777/777
f 571/571/571 777/777/777 803/803/803
f 803/803/803 777/777/777 778/778/778
f 803/803/803 778/778/778 802/802/802
f 802/802/802 778/778/778 779/779/779
f 802/802/802 779/779/779 801/801/801
f 558/558/558 566/566/566 720/720/720
f 558/558/558 720/720/720 702/702/702
f 702/702/702 720/720/720 719/719/719
f 702/702/702 719/719/719 703/703/703
f 703/703/703 719/719/719 718/718/718
f 703/703/703 718/718/718 704/704/704
f 704/704/704 718/718/718 717/717/717
f 704/704/704 717/717/717 705/705/705
f 574/574/574 557/557/557 708/708/708
f 574/574/574 708/708/708 714/714/714
f 714/714/714 708/708/708 707/707/707
f 714/714/714 707/707/707 715/715/715
f 715/715/715 707/707/707 706/706/706
f 715/715/715 706/706/706 716/716/716
f 566/566/566 565/565/565 727/727/727
f 566/566/566 727/727/727 720/720/720
f 720/720/720 727/727/727 726/726/726
f 720/720/720 726/726/726 719/719/719
f 719/719/719 726/726/726 725/725/725
f 719/719/719 725/725/725 718/718/718
f 718/718/718 725/725/725 724/724/724
f 718/718/718 724/724/724 717/717/717
f 575/575/575 574/574/574 714/714/714
f 575/575/575 714/714/714 721/721/721
f 721/721/721 714/714/714 715/715/715
f 721/721/721 715/715/715 722/722/722
f 722/722/722 715/715/715 716/716/716
f 722/722/722 716/716/716 723/723/723
f 565/565/565 564/564/564 734/734/734
f 565/565/565 734/734/734 727/727/727
f 727/727/727 734/734/734 733/733/733
f 727/727/727 733/733/733 726/726/726
f 726/726/726 733/733/733 732/732/732
f 726/726/726 732/732/732 725/725/725
f 725/725/725 732/732/732 731/731/731
f 725/725/725 731/731/731 724/724/724
f 576/576/576 575/575/575 721/721/721
f 576/576/576 721/721/721 728/728/728
f 728/728/728 721/721/721 722/722/722
f 728/728/728 722/722/722 729/729/729
f 729/729/729 722/722/722 723/723/723
f 729/729/729 723/723/723 730/730/730
f 564/564/564 563/563/563 741/741/741
f 564/564/564 741/741/741 734/734/734
f 734/734/734 741/741/741 740/740/740
f 734/734/734 740/740/740 733/733/733
f 733/733/733 740/740/740 739/739/739
f 733/733/733 739/739/739 732/732/732
f 732/732/732 739/739/739 738/738/738
f 732/732/732 738/738/738 731/731/731
f 577/577/577 576/576/576 728/728/728
f 577/577/577 728/728/728 735/735/735
f 735/735/735 728/728/728 729/729/729
f 735/735/735 729/729/729 736/736/736
f 736/736/736 729/729/729 730/730/730
f 736/736/736 730/730/730 737/737/737
f 560/560/560 555/555/555 694/694/694
f 560/560/560 694/694/694 742/742/742
f 742/742/742 694/694/694 693/693/693
f 742/742/742 693/693/693 743/743/743
f 743/743/743 693/693/693 692/692/692
f 743/743/743 692/692/692 744/744/744
f 561/561/561 560/560/560 742/742/742
f 561/561/561 742/742/742 746/746/746
f 746/746/746 742/742/742 743/743/743
f 746/746/746 743/743/743 747/747/747
f 747/747/747 743/743/743 744/744/744
f 747/747/747 744/744/744 748/748/748
f 562/562/562 561/561/561 746/746/746
f 562/562/562 746/746/746 750/750/750
f 750/750/750 746/746/746 747/747/747
f 750/750/750 747/747/747 751/751/751
f 751/751/751 747/747/747 748/748/748
f 751/751/751 748/748/748 752/752/752
f 709/709/709 761/761/761 760/760/760
f 709/709/709 760/760/760 710/710/710
f 757/757/757 713/713/713 712/712/712
f 757/757/757 712/712/712 758/758/758
f 758/758/758 712/712/712 711/711/711
f 758/758/758 711/711/711 759/759/759
f 762/762/762 768/768/768 767/767/767
f 762/762/762 767/767/767 761/761/761
f 761/761/761 767/767/767 766/766/766
f 761/761/761 766/766/766 760/760/760
f 568/568/568 567/567/567 757/757/757
f 568/568/568 757/757/757 763/763/763
f 763/763/763 757/757/757 758/758/758
f 763/763/763 758/758/758 764/764/764
f 764/764/764 758/758/758 759/759/759
f 764/764/764 759/759/759 765/765/765
f 769/769/769 776/776/776 775/775/775
f 769/769/769 775/775/775 768/768/768
f 768/768/768 775/775/775 774/774/774
f 768/768/768 774/774/774 767/767/767
f 767/767/767 774/774/774 773/773/773
f 767/767/767 773/773/773 766/766/766
f 569/569/569 568/568/568 763/763/763
f 569/569/569 763/763/763 770/770/770
f 770/770/770 763/763/763 764/764/764
f 770/770/770 764/764/764 771/771/771
f 771/771/771 764/764/764 765/765/765
f 771/771/771 765/765/765 772/772/772
f 873/873/873 582/582/582 783/783/783
f 873/873/873 783/783/783 776/776/776
f 776/776/776 783/783/783 782/782/782
f 776/776/776 782/782/782 775/775/775
f 775/775/775 782/782/782 781/781/781
f 775/775/775 781/781/781 774/774/774
f 774/774/774 781/781/781 780/780/780
f 774/774/774 780/780/780 773/773/773
f 570/570/570 569/569/569 770/770/770
f 570/570/570 770/770/770 777/777/777
f 777/777/777 770/770/770 771/771/771
f 777/777/777 771/771/771 778/778/778
f 778/778/778 771/771/771 772/772/772
f 778/778/778 772/772/772 779/779/779
f 697/697/697 788/788/788 787/787/787
f 697/697/697 787/787/787 698/698/698
f 579/579/579 559/559/559 701/701/701
f 579/579/579 701/701/701 784/784/784
f 784/784/784 701/701/701 700/700/700
f 784/784/784 700/700/700 785/785/785
f 785/785/785 700/700/700 699/699/699
f 785/785/785 699/699/699 786/786/786
f 789/789/789 795/795/795 794/794/794
f 789/789/789 794/794/794 788/788/788
f 788/788/788 794/794/794 793/793/793
f 788/788/788 793/793/793 787/787/787
f 580/580/580 579/579/579 784/784/784
f 580/580/580 784/784/784 790/790/790
f 790/790/790 784/784/784 785/785/785
f 790/790/790 785/785/785 791/791/791
f 791/791/791 785/785/785 786/786/786
f 791/791/791 786/786/786 792/792/792
f 796/796/796 803/803/803 802/802/802
f 796/796/796 802/802/802 795/795/795
f 795/795/795 802/802/802 801/801/801
f 795/795/795 801/801/801 794/794/794
f 794/794/794 801/801/801 800/800/800
f 794/794/794 800/800/800 793/793/793
f 581/581/581 580/580/580 790/790/790
f 581/581/581 790/790/790 797/797/797
f 797/797/797 790/790/790 791/791/791
f 797/797/797 791/791/791 798/798/798
f 798/798/798 791/791/791 792/792/792
f 798/798/798 792/792/792 799/799/799
f 699/699/699 808/808/808 807/807/807
f 699/699/699 807/807/807 698/698/698
f 592/592/592 554/554/554 695/695/695
f 592/592/592 695/695/695 804/804/804
f 804/804/804 695/695/695 696/696/696
f 804/804/804 696/696/696 805/805/805
f 805/805/805 696/696/696 697/697/697
f 805/805/805 697/697/697 806/806/806
f 591/591/591 592/592/592 804/804/804
f 591/591/591 804/804/804 809/809/809
f 809/809/809 804/804/804 805/805/805
f 809/809/809 805/805/805 810/810/810
f 810/810/810 805/805/805 806/806/806
f 810/810/810 806/806/806 811/811/811
f 590/590/590 591/591/591 809/809/809
f 590/590/590 809/809/809 813/813/813
f 813/813/813 809/809/809 810/810/810
f 813/813/813 810/810/810 814/814/814
f 814/814/814 810/810/810 811/811/811
f 814/814/814 811/811/811 815/815/815
f 589/589/589 590/590/590 813/813/813
f 589/589/589 813/813/813 816/816/816
f 816/816/816 813/813/813 814/814/814
f 816/816/816 814/814/814 817/817/817
f 555/555/555 586/586/586 820/820/820
f 555/555/555 820/820/820 694/694/694
f 694/694/694 820/820/820 819/819/819
f 694/694/694 819/819/819 693/693/693
f 693/693/693 819/819/819 818/818/818
f 693/693/693 818/818/818 692/692/692
f 586/586/586 587/587/587 823/823/823
f 586/586/586 823/823/823 820/820/820
f 820/820/820 823/823/823 822/822/822
f 820/820/820 822/822/822 819/819/819
f 819/819/819 822/822/822 821/821/821
f 819/819/819 821/821/821 818/818/818
f 587/587/587 588/588/588 825/825/825
f 587/587/587 825/825/825 823/823/823
f 823/823/823 825/825/825 824/824/824
f 823/823/823 824/824/824 822/822/822
f 600/600/600 601/601/601 833/833/833
f 600/600/600 833/833/833 827/827/827
f 598/598/598 599/599/599 826/826/826
f 598/598/598 826/826/826 828/828/828
f 601/601/601 602/602/602 840/840/840
f 601/601/601 840/840/840 833/833/833
f 833/833/833 840/840/840 839/839/839
f 833/833/833 839/839/839 832/832/832
f 832/832/832 839/839/839 838/838/838
f 832/832/832 838/838/838 831/831/831
f 597/597/597 598/598/598 828/828/828
f 597/597/597 828/828/828 834/834/834
f 835/835/835 829/829/829 830/830/830
f 835/835/835 830/830/830 836/836/836
f 602/602/602 603/603/603 847/847/847
f 602/602/602 847/847/847 840/840/840
f 840/840/840 847/847/847 846/846/846
f 840/840/840 846/846/846 839/839/839
f 839/839/839 846/846/846 845/845/845
f 839/839/839 845/845/845 838/838/838
f 838/838/838 845/845/845 844/844/844
f 838/838/838 844/844/844 837/837/837
f 596/596/596 597/597/597 834/834/834
f 596/596/596 834/834/834 841/841/841
f 841/841/841 834/834/834 835/835/835
f 841/841/841 835/835/835 842/842/842
f 842/842/842 835/835/835 836/836/836
f 842/842/842 836/836/836 843/843/843
f 557/557/557 593/593/593 854/854/854
f 557/557/557 854/854/854 708/708/708
f 708/708/708 854/854/854 853/853/853
f 708/708/708 853/853/853 707/707/707
f 707/707/707 853/853/853 852/852/852
f 707/707/707 852/852/852 706/706/706
f 706/706/706 852/852/852 851/851/851
f 706/706/706 851/851/851 705/705/705
f 606/606/606 558/558/558 702/702/702
f 606/606/606 702/702/702 848/848/848
f 848/848/848 702/702/702 703/703/703
f 848/848/848 703/703/703 849/849/849
f 849/849/849 703/703/703 704/704/704
f 849/849/849 704/704/704 850/850/850
f 593/593/593 594/594/594 861/861/861
f 593/593/593 861/861/861 854/854/854
f 854/854/854 861/861/861 860/860/860
f 854/854/854 860/860/860 853/853/853
f 853/853/853 860/860/860 859/859/859
f 853/853/853 859/859/859 852/852/852
f 852/852/852 859/859/859 858/858/858
f 852/852/852 858/858/858 851/851/851
f 605/605/605 606/606/606 848/848/848
f 605/605/605 848/848/848 855/855/855
f 855/855/855 848/848/848 849/849/849
f 855/855/855 849/849/849 856/856/856
f 856/856/856 849/849/849 850/850/850
f 856/856/856 850/850/850 857/857/857
f 594/594/594 595/595/595 868/868/868
f 594/594/594 868/868/868 861/861/861
f 861/861/861 868/868/868 867/867/867
f 861/861/861 867/867/867 860/860/860
f 860/860/860 867/867/867 866/866/866
f 860/860/860 866/866/866 859/859/859
f 859/859/859 866/866/866 865/865/865
f 859/859/859 865/865/865 858/858/858
f 604/604/604 605/605/605 855/855/855
f 604/604/604 855/855/855 862/862/862
f 862/862/862 855/855/855 856/856/856
f 862/862/862 856/856/856 863/863/863
f 863/863/863 856/856/856 857/857/857
f 863/863/863 857/857/857 864/864/864
f 877/877/877 878/878/878 875/875/875
f 877/877/877 875/875/875 876/876/876
f 875/875/875 880/880/880 882/882/882
f 875/875/875 882/882/882 876/876/876
f 877/877/877 879/879/879 881/881/881
f 877/877/877 881/881/881 878/878/878
f 878/878/878 881/881/881 880/880/880
f 878/878/878 880/880/880 875/875/875
f 879/879/879 877/877/877 876/876/876
f 879/879/879 876/876/876 882/882/882
f 882/882/882 880/880/880 881/881/881
f 882/882/882 881/881/881 879/879/879
f 885/885/885 884/884/884 883/883/883
f 885/885/885 883/883/883 886/886/886
f 883/883/883 884/884/884 890/890/890
f 883/883/883 890/890/890 888/888/888
f 885/885/885 886/886/886 889/889/889
f 885/885/885 889/889/889 887/887/887
f 886/886/886 883/883/883 888/888/888
f 886/886/886 888/888/888 889/889/889
f 887/887/887 890/890/890 884/884/884
f 887/887/887 884/884/884 885/885/885
f 890/890/890 887/887/887 889/889/889
f 890/890/890 889/889/889 888/888/888
